,T_image,T_video,T_read,T_audio,N_excercise_after_read,N_excercise_after_graphic,T_hierarchies,T_powerpoint,T_abstract,T_concrete,T_result,N_standard_questions_correct,N_creative_questions_correct,N_msgs_posted,N_excercises visited,T_reading_in_forum,T_solve_excercise,T_submit_assignment,N_group_discussions,T_outlines,Skipped_los,N_next_button_used,T_spent_in_session,N_questions_on_detials,N_questions_on_outlines
0,8.5,8.5,7.5,8,14,6.5,3,3.5,2.5,7.5,6.5,26,36,87,9.5,4.5,7,4.5,7.5,14,0.5,240,19,131,78.5
1,9.5,10.5,10.5,10,22.5,18.5,2.5,3,4,3.5,4.5,58.5,95.5,41.5,7.5,6.5,9,2.5,9,9.5,6.5,223,23,54,62.5
2,7.5,10,9.5,8.5,9,11,5.5,6,5.5,5.5,4.5,20,98.5,80.5,22,7,11.5,4,10,11.5,7.5,179,24,111,138
3,9.5,8,8,8.5,24.5,12.5,3.5,3,2.5,4,6,24,73,56,18.5,7.5,8,2.5,7.5,7,5.5,152,24.5,32.5,107.5
4,7,11,9.5,8,17,8.5,6.5,5.5,2.5,5,7,38.5,52.5,234,9,6.5,8.5,4,8.5,11,3,129.5,21,138,108.5
5,8,11.5,15,8,24,7.5,5,2.5,5.5,8,6.5,97,97,62,23.5,7.5,8.5,3.5,8.5,10.5,10.5,111.5,19,57,116.5
6,9,7.5,13.5,7.5,11,15,3.5,3.5,3,6.5,4.5,54,15,29,22.5,4.5,9,5,12.5,8,11,27,15,45.5,85.5
7,8,10.5,11.5,9,11,21.5,2.5,5.5,4,5,5,76,55.5,28,29.5,8,7,4.5,11,11.5,8,78,23,148,79
8,9.5,13.5,7.5,8,23,13.5,2.5,2.5,4,5,5,52.5,23.5,216,7.5,7,8,3,8.5,5.5,3.5,215.5,12,71,27.5
9,9,8,12,8,18.5,23.5,5.5,3.5,4.5,7.5,7.5,96,89.5,33.5,14.5,4.5,10.5,2.5,11.5,5,3.5,83.5,24,63,34
10,7.5,6.5,12,8,15.5,20,3,5.5,3.5,5,6.5,36.5,99,198,23,7,9.5,4.5,5.5,13,10.5,74,16,91.5,34.5
11,6,13,5.5,8.5,6,5.5,3,5,5.5,2,7.5,64.5,94,65.5,21.5,6,7.5,3,12,9,15,105.5,24.5,123,89
12,5.5,9.5,10.5,6,15.5,6.5,3,4,5.5,5,7,32,24.5,32.5,14.5,8,11,2.5,13.5,14.5,0,147,23,91.5,112
13,7.5,14.5,8,9,5.5,17,3,4.5,2,6,6.5,28,84,86,8,6.5,11,2.5,14.5,12,4,125.5,13,71.5,60.5
14,5,8,5.5,7,11.5,23.5,3.5,4.5,2.5,2,4,70,50.5,156.5,16.5,4,11,3,11.5,12.5,5,129,20,64,111
15,7.5,13.5,10.5,5,11,18,2.5,4.5,3,8,5,56.5,41.5,49.5,10.5,6.5,6.5,2,6,14,13,106,23.5,127,101.5
16,6.5,11.5,5.5,8.5,11,21.5,5.5,4.5,4.5,4,5.5,53.5,56,129,9,4.5,7,2,15,7,0,45,14,75.5,95.5
17,7,7,12,6.5,16.5,17.5,3.5,4,3,7.5,7,49.5,48,164,28.5,6,11.5,4.5,7.5,6,6.5,106.5,17.5,99,145.5
18,7.5,11,9.5,6.5,8,22,3,5.5,2,4,5,95.5,50.5,73.5,9,8,8.5,3.5,8.5,5.5,8.5,29.5,20,27.5,68
19,9.5,5,13.5,7.5,12,5,6,5.5,5.5,7.5,7,67,49,234,19,5,7,2.5,14.5,13.5,3,105.5,24.5,132,46.5
20,8,7.5,5.5,6.5,22.5,16,6.5,3,5,4,8,53.5,85.5,81.5,6,4.5,12,3.5,12,12.5,5,59,12,72,115
21,6,12.5,11,6,6.5,17.5,3,7,4.5,7,4.5,68.5,40,178,20.5,4,7.5,4,6.5,13,5.5,118.5,17,82.5,87.5
22,8,5.5,14,7,13.5,18.5,3,5.5,5.5,5,4.5,32.5,81,246.5,19.5,5.5,10,4.5,10.5,8.5,10,140.5,12,74,143.5
23,9.5,13,9.5,6,14,10,2.5,2.5,2.5,4,8,18,37.5,207.5,9.5,7,11.5,3.5,12.5,13,2,224,23.5,130,34
24,7,14,11.5,5.5,8,5.5,5,6,5.5,6,4.5,30,15.5,34.5,20.5,8,8,4.5,6.5,14,3.5,191.5,11,84.5,80
25,6,7.5,8.5,9,10.5,16,4.5,2.5,4.5,3,7.5,17,41,97.5,28,5,7.5,4,13,9,6,151,16,44,74.5
26,7.5,9,6,6,23.5,13.5,4.5,5.5,3.5,3.5,5.5,50,88.5,219,19,7,6,3.5,8,9.5,2.5,152,13,101,131
27,5.5,15,6.5,9,16,10.5,3,6,5.5,3.5,4.5,71,40.5,56.5,28,4.5,10.5,4.5,11,9.5,8,80.5,16,45,108
28,9,9,5,9,14.5,15.5,7,4,4,6.5,4.5,27.5,91,28.5,25.5,6.5,7.5,3,12,11,4,116.5,17.5,33.5,44.5
29,8.5,8,12,5.5,15.5,22,5,5.5,3,6.5,7.5,35,68,162.5,9,7.5,9.5,3,14.5,13.5,12.5,95,12.5,96.5,42.5
30,9.5,10,8.5,7,5.5,23.5,4.5,5,3,6.5,5,90.5,49,170.5,12,5,6.5,3,12.5,9.5,7,52,21,31.5,77
31,5.5,5.5,14,5,22.5,24.5,7,4,4.5,4.5,5.5,83.5,43,160,19.5,5.5,10.5,3,5.5,12,6.5,243.5,11,49.5,77
32,6,6.5,13.5,6,24,5.5,2.5,2.5,4.5,2.5,5.5,37,93.5,78.5,20.5,5,8.5,4.5,13.5,9.5,2.5,186.5,12.5,138,99
33,9.5,14,12,8.5,18.5,14,5,3,3,5,5.5,76,20,185.5,29,5,6,2.5,13,12.5,3,34.5,12,118,32.5
34,7.5,11.5,11,9,24.5,23.5,2.5,6,2.5,5.5,4.5,97.5,99.5,61,8,5,6,3,12,8.5,13.5,91.5,21,148.5,119
35,8,8.5,12,6.5,15,19.5,3,5,6,7.5,4.5,31,84,174.5,14,8,9,2.5,14.5,12.5,10.5,157.5,20.5,98,107
36,8,5.5,11.5,7.5,21,6,4.5,5.5,2.5,8,5,31.5,20.5,134.5,27.5,7,7,4.5,6,8.5,10.5,110.5,13.5,108.5,123.5
37,5.5,13.5,9.5,6,20,24.5,4.5,5.5,3.5,7,5.5,47.5,87.5,69,10,6,6,4.5,8,13.5,13,48,10,128.5,149
38,9.5,8,7.5,8,11,14,6.5,6.5,3,3.5,5,46,85.5,60,13,6,10.5,3.5,9.5,7.5,4.5,109,22.5,79.5,40
39,8,12.5,12,7.5,24.5,25,4,5,5,8,7.5,75,19.5,227.5,9,5.5,6,4.5,12.5,10.5,8.5,209.5,16,88.5,119.5
40,9.5,6,10,9,14.5,22.5,6.5,5.5,2,7,7,19.5,52,26,5.5,7.5,6.5,4,8.5,14,12.5,116.5,13.5,145,74.5
41,9,6,9.5,6,16.5,7,4.5,3.5,5.5,7.5,7.5,77.5,26.5,33.5,27.5,4.5,10,3,9.5,9,0.5,65.5,14,96,51.5
42,8,15,11.5,8.5,18.5,7,5.5,6.5,5.5,6,7,41.5,62,244.5,16,6,6.5,4,12,10,12,244.5,15.5,33.5,123
43,5,10,13.5,5.5,20,18,3,3,3,5.5,4.5,98.5,93,36,28,5.5,10,4.5,9,7.5,11.5,77,16.5,133.5,146.5
44,7.5,13,10.5,9.5,12,20,5.5,5,3,7,4.5,68.5,59,57.5,21.5,4,7,3,14.5,7.5,5,167.5,16,129,70.5
45,7.5,12,7.5,6.5,6,10,4.5,2.5,6,5.5,5.5,28.5,32.5,157,6,7,7.5,2.5,9.5,12.5,15,235,25,113,149.5
46,8,14,6.5,5.5,25,7,2.5,6,5,5.5,7.5,80.5,79,117.5,24.5,7,7.5,3,9,12,2,84,19.5,147,110.5
47,10,12,12.5,7,21,10.5,6.5,5,4.5,7.5,7,75,32,25.5,29.5,5.5,12,2.5,10.5,13,3.5,244.5,15,89,101
48,8.5,11.5,9,7,24.5,10,5.5,2.5,2,4,4,16,53.5,111.5,10.5,5.5,10,4,8.5,14.5,7.5,224,10.5,81,83
49,8.5,12.5,8,6.5,14,21.5,5,3.5,5,6.5,4.5,64,55,68,15,5,10,3.5,10,14,14.5,86,15.5,102.5,64.5
50,7.5,9,13.5,6.5,7.5,8.5,4,4,5.5,7,4.5,31,97.5,108,26.5,6.5,8,3,12.5,6.5,9.5,190.5,22.5,147,50
51,7,13.5,9.5,6,21,14,5.5,3,5,4.5,5.5,54.5,94.5,183,24,6.5,7.5,3,8,13,2,131.5,24,67.5,131
52,6,14.5,10,8.5,9,5,3.5,5,5,3,7.5,96,93.5,26,26,7.5,9.5,2.5,14,15,11.5,238,24.5,115.5,107.5
53,7.5,8.5,14,9,20.5,16,3,4,2.5,4,5,45,30,214,19.5,5.5,7.5,4,14.5,14,5,162.5,15,96,74.5
54,7.5,8.5,10.5,10,21.5,15.5,3.5,4.5,2,5,7.5,16,31.5,48.5,22,8,11.5,4,12.5,7,3,104.5,22,35,90.5
55,7.5,10.5,8.5,5,20.5,17,3.5,2.5,4,7.5,8,59,44.5,61,21.5,4,9,4,6.5,14,6,35.5,14.5,27.5,83
56,10,6.5,11,6.5,17.5,11.5,6,2,5.5,4.5,7.5,91.5,35,146,21.5,4,9.5,4.5,7.5,9,11,86,11.5,71.5,70.5
57,6,14,9,6,18.5,22.5,2,3.5,3,5,7,53,43,69,16,5.5,11.5,4.5,11,6.5,5.5,56,11.5,34,59
58,7,6.5,9,7,13.5,11.5,6.5,5.5,4.5,3.5,5.5,79,69,232,5.5,5.5,7,2.5,10,14,10.5,133,21.5,127,118
59,8.5,14,7,6,10.5,11.5,4.5,6.5,5,4,7.5,61.5,42,136,17.5,5.5,7.5,2.5,12,15,12,119.5,16.5,104.5,86
60,6,13.5,8,9,13,14,3.5,4.5,4,5.5,7,97.5,47.5,72.5,29,6.5,9.5,3,11,5,7.5,109,23.5,109.5,42
61,8.5,14,6,5.5,18,15.5,4.5,3.5,4.5,2.5,6.5,99.5,79.5,150.5,6.5,5.5,12,2.5,12.5,12.5,6,46,17.5,125.5,76.5
62,5.5,11.5,8,8.5,7.5,12,5,6,3.5,5.5,6,93.5,63.5,248,20.5,7,7,2.5,10.5,12,11.5,215,15,136,134.5
63,8,14,9.5,7,14,20.5,6.5,3,5,2,4,99,81.5,143.5,16,8,11.5,3,14.5,11.5,1,76,14,98,80.5
64,6.5,11,9,6,18,25,6,4.5,5,2.5,6.5,42.5,84.5,208.5,22,4.5,10,3.5,15,7,14.5,146.5,11,60.5,112
65,7,12.5,7.5,5.5,7.5,13.5,4,3,5.5,7,5.5,28,86,210.5,15,5,8,4.5,14,8.5,0,134,17,67.5,135
66,8,6,13.5,6.5,15.5,12.5,6,5,3,2.5,8,47,74.5,93,27.5,4.5,9.5,3.5,10,12.5,7,244,24.5,78,134.5
67,8.5,12,5.5,6,11.5,18.5,2.5,5.5,3,5,7,23.5,32.5,224.5,28,7,7.5,4,15,7.5,2.5,156,10.5,30.5,81.5
68,8,5.5,7,6.5,19.5,6.5,2,4.5,3.5,5,7.5,37,43.5,238,6,7.5,6.5,4.5,14.5,12,8,180.5,11,89.5,138.5
69,7.5,9,15,6.5,20,18,5,3.5,4.5,3,7.5,18,30.5,162,28.5,7.5,9.5,4,9.5,6,0.5,243.5,11.5,126,60.5
70,8,12,7,5,19.5,6,6.5,3.5,2,7,6.5,77,93,135,20.5,4.5,11.5,4,7,9.5,14.5,201.5,24,57,129.5
71,7,13.5,11.5,8.5,21,20.5,4,5.5,4.5,3.5,7.5,80,16,199.5,24.5,5,8,4.5,11.5,13.5,6.5,219,24,46,29
72,6.5,9.5,11.5,6.5,14,10,3,6,4.5,2.5,6.5,21.5,70,69,8.5,5,11,4,14,14.5,10,224,24.5,118.5,140.5
73,6.5,13,12,10,14,20,6,5,3.5,5.5,6.5,30.5,99.5,153.5,15,7,6.5,4.5,11,7.5,13.5,225,24,143,40
74,5,10.5,11,9,9,10,5.5,5,4.5,5,7.5,40.5,31,84.5,26.5,5.5,9.5,4.5,14.5,13.5,11,108.5,13,135.5,138
75,9.5,8,14,8,12.5,12.5,4.5,5.5,5,5,4.5,91,38,42,23,6,7.5,4,7,14,8,84.5,14,58,28.5
76,6,7,10,5,24,18,6,4,4,3.5,5.5,75.5,98.5,246.5,27.5,5,8,2.5,8,13,15,137,11,128,102.5
77,5.5,7.5,8,5.5,22.5,16.5,6,3.5,6,6,4.5,83,75.5,93.5,10,7.5,9,5,11,6,13.5,242,24.5,104.5,33
78,6.5,6.5,7,7,16,7.5,5.5,3.5,3,6.5,7,92,21.5,62,26,7,7.5,4.5,6.5,7.5,3,81.5,17.5,105.5,26
79,8,7.5,14,6,9,6.5,4.5,6.5,3,6,7.5,31,17,192,18,5,7.5,3.5,11,9,4.5,133,16.5,51,124.5
80,6.5,11.5,7.5,8.5,21,14.5,3.5,4,5.5,3.5,8,17.5,40.5,56,25,4.5,8.5,4.5,7,9,1.5,175.5,22,128.5,127.5
81,5.5,5,12.5,5,11,12,4.5,5,3,5,8,87.5,99.5,247,28.5,5.5,12,4,12.5,5,6.5,203.5,21,110.5,25
82,5.5,14,9,7.5,18.5,23.5,5,6,4,7,5.5,49,76.5,212,8.5,4.5,10.5,2.5,8,9,6.5,166,24,120,117.5
83,8.5,11.5,14,10,16,11.5,2.5,6.5,3.5,6.5,7,16,19.5,198.5,21.5,4.5,11.5,3.5,14.5,8.5,14,56.5,23,138.5,104
84,7,12,10,6.5,8,8,3.5,2.5,3.5,7,4.5,57.5,87,115.5,5,7.5,11,4.5,9.5,7,1,236,14,86,70
85,10,6,14,6,15,12.5,4,2.5,4.5,2.5,7.5,34,94.5,177,9,5,8.5,3.5,8,13,10.5,213.5,19.5,46.5,145
86,8.5,8.5,9.5,6,22.5,5.5,2,5,5,6.5,7.5,26,60,109.5,22,5,6,2.5,14,5,1.5,109,18,82.5,70
87,10,8.5,9.5,7.5,11.5,15.5,7,5.5,2.5,5.5,7.5,58,49,245,28.5,6.5,12,4.5,7,7,9,113.5,11,42,147.5
88,6.5,15,13,5,8,13,6,3,3,6,4.5,74.5,73.5,162,11,7.5,7.5,2.5,5.5,5.5,5,60.5,16,98.5,62
89,9.5,14.5,12.5,6,11,11.5,5,3.5,2,7,5.5,94.5,26,179,5,6.5,7.5,3,12.5,14.5,11,204.5,13.5,67,125.5
90,8,13,6.5,7,7.5,6,2.5,6,3,5.5,6,48,79,151,21,7.5,11,3,10,12,7,245.5,25,109.5,94.5
91,6.5,9.5,11.5,9,24.5,20.5,4.5,4,4.5,4.5,4.5,49.5,83.5,170.5,23.5,4.5,6,3.5,8,7.5,13.5,42.5,12.5,59.5,38.5
92,8,8.5,8.5,10,13,9.5,5,3.5,6,7.5,5.5,61,98,231,26,5.5,8.5,4,13.5,10,13.5,233.5,16.5,104.5,130.5
93,5.5,12.5,9.5,7,6.5,15.5,6,6,2.5,5.5,4,53,94,66.5,10.5,4.5,6,3.5,9.5,9.5,2,165,14.5,125.5,89.5
94,7.5,6.5,6,7,11.5,21.5,6,6.5,4,2.5,7.5,24.5,61.5,248.5,13,7,12,2.5,12,8,5,134.5,22,143.5,55.5
95,9.5,5,12,7,5.5,10,6.5,4.5,3.5,5,7,40,49,148.5,6.5,4.5,11,3.5,6.5,6.5,1.5,29,16.5,123,140
96,5.5,8.5,13.5,6,19.5,14.5,5.5,4,3,2.5,7.5,56,36,50.5,16,6.5,11.5,3,8.5,10,5,160.5,24,118.5,148.5
97,6.5,12.5,15,8,12,9,4.5,7,4.5,2.5,6,50.5,55,169.5,17.5,7,7,4.5,7,6,6,170.5,17.5,110,33.5
98,9,12.5,5.5,10,19.5,7,2.5,5,3.5,5,4,66.5,17.5,157.5,17.5,7.5,7.5,4.5,11,9.5,1.5,127,14,77,95
99,9,11,13.5,9,7.5,16,3,5,4,5.5,6,52.5,93.5,201,7,7.5,7,3,12.5,13.5,12.5,124.5,13.5,84.5,88.5
100,5.5,5.5,12.5,10,11,17,2.5,3,2.5,4,6,45.5,99.5,243.5,8.5,8,6,2,6,7,9,132.5,13.5,127,66
101,9.5,10,10,9,21,11,4.5,2,3,4.5,6,99.5,87.5,221,16.5,7,8,5,12.5,11.5,3.5,101.5,14,74.5,44
102,6,5.5,10,10,6,16.5,3.5,2.5,5,8,6,71,94.5,242.5,12,5.5,10,4.5,11.5,12,1,156,13,146.5,54.5
103,6,13.5,8,6,23.5,20,4.5,5,3.5,4,6,85.5,19.5,129,24,7,7.5,3,13.5,5,1,49.5,17.5,127,110
104,5.5,9.5,10,8,24,6.5,3.5,4,3.5,3,7.5,95,27.5,124,6.5,6.5,7,4,9.5,7,5.5,45,23,34.5,53
105,8,9.5,6.5,8.5,23,11,5,7,6,6.5,5.5,20.5,43,175,25.5,5.5,8.5,3.5,8,11.5,0.5,247,14,105.5,114
106,9,11,9.5,7,9.5,20.5,5,5,5,6,7.5,64,18.5,188.5,22,7,9,3.5,9,13.5,11.5,226,16.5,131.5,93.5
107,7.5,8.5,9.5,5.5,5.5,5.5,6.5,5.5,3.5,5,6,23.5,25.5,62.5,16.5,5.5,11,4.5,7.5,9.5,8,165.5,17,45.5,37
108,10,12.5,14.5,9.5,20,10,3.5,4.5,3,3.5,5.5,26.5,35,133.5,23,4.5,6.5,4,9.5,8.5,12,60.5,20.5,142,104
109,7,9.5,5.5,7.5,17.5,10.5,6,3,3.5,4,5.5,39.5,47,204,25.5,4,7.5,3.5,6,13.5,15,233.5,16,110,75
110,5,14,8,8.5,15,10.5,5,2.5,2.5,7,5.5,84,60.5,231,21,4.5,7.5,4,9.5,6,6,146,19.5,50.5,113.5
111,9.5,9.5,6,9,8.5,6,2,4.5,3.5,6,5,73,37.5,159.5,15,5.5,10.5,3,6.5,12,9,124.5,23.5,97,149.5
112,8,7,12,8.5,23.5,9.5,2.5,2.5,5,4.5,5,93.5,94.5,154.5,19.5,6.5,7,4,12.5,11.5,12.5,189.5,18,45,35.5
113,5,11.5,14,10,6.5,23.5,6.5,4.5,3,8,7.5,71.5,88,202.5,22.5,7,9.5,4.5,6,13.5,4.5,176,17,64,72.5
114,5,11,9.5,6,17.5,21.5,5.5,5,4.5,2,7.5,92,92.5,127,8,5,10,4,11,10.5,5,84.5,24,96.5,53.5
115,9,13,11,8.5,22,14,2,4.5,4,7,6,91.5,24,141,10.5,7,9,5,11.5,10,1.5,60,22,84,59.5
116,7.5,8,11,8,19,16,7,6.5,4.5,4,5,58,55.5,119.5,9.5,5,10.5,3.5,8.5,14.5,11.5,223.5,25,123,87.5
117,5,13,5,9,22.5,11.5,4,3,2.5,3,4.5,58,95.5,83,22.5,5,8,4,9.5,9.5,0,148,16.5,54,98
118,7,6.5,12.5,9.5,20,23.5,3.5,6.5,5.5,4.5,5,35.5,34,212.5,29.5,7,6,2,13.5,10,4,220.5,18,38.5,129.5
119,8,9,9,9.5,15,17,5.5,5.5,4,4,7.5,91,27,144,8.5,5.5,8,4.5,10.5,5.5,9.5,226.5,13.5,43,89
120,9.5,10.5,14,9,24,7.5,2.5,2,5,5,5.5,85.5,55.5,96.5,16,4.5,8,4,10,14.5,13.5,246,21.5,76,105
121,10,11.5,6,5.5,24.5,19,3,4,3.5,5,4,89,27.5,98.5,16.5,5.5,10,4,7.5,7,5.5,136.5,18.5,116.5,73
122,6,6.5,8.5,6,12,9,5.5,3,4,8,5.5,38.5,80,222,26.5,4,7,2.5,9,15,4.5,70,17,66,61.5
123,10,8,13,6,18,24,3.5,3,3,7.5,6.5,27.5,35,27.5,20,6,8,3.5,12,14,5,246.5,20.5,113,143
124,6,13,8,7.5,22,15.5,2.5,5.5,2,4.5,5.5,55,57,173,13.5,6,9.5,2.5,13.5,8,12,49.5,19,98,25
125,5.5,11.5,6,10,15,19,6,3,4.5,5,7.5,93.5,55.5,121.5,12.5,7.5,6.5,3.5,13.5,11.5,15,198.5,12.5,101,35.5
126,8.5,7,13.5,9.5,22.5,6.5,6.5,4.5,5,5,6,74.5,50.5,27.5,27.5,4.5,8,4,8.5,9.5,12,65,10.5,37,94.5
127,7.5,6,11,9,14.5,23,3,6,3,5,4,18.5,31,116.5,15.5,8,10,3,8,14,6.5,91,23,117.5,72
128,6,5.5,6.5,6.5,22.5,14,4,3.5,4,6.5,7.5,44,97.5,206,12,7.5,8.5,3,12.5,7,8,176,16.5,146,31.5
129,8.5,14,14.5,8,6.5,22,5.5,4.5,6,7,6,42.5,39.5,212,17,6.5,6,2.5,6,6.5,2.5,34,15.5,33,76
130,7.5,14,5.5,5.5,18,19.5,6.5,6.5,4,3.5,4.5,28.5,90.5,147,29.5,6.5,7,4,9,8,2.5,31,17.5,84,119
131,10,12,5.5,6.5,12.5,11,5,2.5,4,6.5,5,71.5,70.5,148.5,7.5,5.5,9,3.5,11,14,12,182,13,93.5,115
132,6,10,14.5,7,7,17.5,5,7,4.5,4,8,63.5,98.5,52,21.5,5.5,9.5,3,9,14,9.5,211,21.5,97,149
133,9.5,10.5,13.5,8.5,13.5,5.5,4.5,4.5,4.5,4.5,7.5,33.5,24.5,33.5,28.5,5.5,10.5,3,13.5,7.5,8,53,12.5,134,48
134,9,14.5,13,6,11,12.5,5,5.5,3.5,5.5,5,85.5,28,159,23.5,5,12,3.5,10,7.5,10,91,17.5,48,47.5
135,8.5,15,5,5.5,18.5,10,6,5,2.5,4.5,6.5,51,35,73.5,14.5,7,7.5,3.5,5.5,6,1,161.5,17.5,107,61
136,5.5,10.5,13.5,9,24,14,3,2.5,6,5,5,50.5,21.5,27.5,13,7.5,9,3.5,9,15,5,137.5,14,113.5,94
137,9.5,6,8,8,14.5,19,3,4.5,2.5,5.5,7,17,58,215,14.5,8,11.5,3.5,14,5.5,6.5,210,12.5,126.5,66
138,8,14,6.5,9.5,15,23.5,3.5,4.5,5,6,6.5,31,42,164.5,30,7.5,6,4,15,9.5,4.5,131,14,144,37.5
139,9,13.5,8.5,6.5,15,22,5.5,4,4.5,4.5,4.5,26,36,140,15,5,10.5,2,6.5,13.5,6.5,208.5,24,45,46
140,6.5,12.5,11,6,11,25,5.5,4.5,4,3.5,7.5,63,77,154,29,7,9.5,2,11.5,14.5,2.5,185,20.5,68,29
141,8.5,9.5,9,5.5,21,12.5,3,4,3.5,4.5,8,40,48.5,144.5,8,7.5,6,3,6.5,8,2.5,177,23.5,94.5,68
142,8,5.5,12,8,6,16,4,4.5,3,8,6,27.5,58,132,9.5,5.5,7.5,2,5.5,15,2,71.5,13,32.5,145
143,8.5,10.5,11,9,24.5,15.5,2,6,2.5,5.5,7,54,57.5,132.5,13,4,6.5,3.5,8,12.5,4,178,23,48.5,42.5
144,7,9,14,6.5,15.5,11,4,2.5,2,5,5,29.5,48.5,105,10,6.5,11,4,7.5,14.5,11.5,128,21,65.5,82.5
145,8.5,9,6,5,18,23,5,2.5,2,5,7,38.5,62.5,217,11,8,7,4.5,10,12.5,1.5,214,16,83,30
146,8,6.5,6,6.5,7.5,7.5,5.5,5,5.5,6,4.5,84,19,207.5,18.5,6,11,4,10,8,2,53,13.5,31.5,40
147,8,14.5,11.5,6,24.5,23,2.5,5.5,4.5,2,4,87,55.5,29,14,6.5,9.5,4.5,11.5,12.5,10,107,13.5,69,139
148,6.5,11,9,6,8,12.5,5,5.5,3.5,2.5,5,29.5,48.5,50.5,18.5,6,7,4.5,8.5,12.5,1.5,68.5,17,111,73
149,6.5,5.5,12.5,9,18,20.5,5,5,5,3,6.5,91.5,28.5,28.5,10,7.5,7.5,4,13.5,12.5,10,143.5,15,94,85
150,6,9,14,9.5,12.5,15.5,5.5,5.5,3,6.5,5,97,17.5,52,20.5,5,6.5,5,8.5,9.5,5,65,17,133,39
151,7.5,5,11.5,9,10.5,13.5,4.5,3.5,4,3.5,5,19,49,231.5,23,5,8,2,10.5,12.5,14.5,235,12.5,101.5,120.5
152,8.5,12,9.5,6.5,17.5,21,5,5,4,4,5.5,53,39,217.5,10,7,11.5,3,9.5,10.5,12.5,210,22,73.5,132.5
153,6,5.5,5.5,7,6,12,5,4,5,2.5,5.5,39.5,33,136.5,7,7.5,8,3.5,5.5,10.5,4,50.5,23.5,146,113
154,7,7,11,7,15.5,17,7,2,2.5,4,7,49.5,51,135,10.5,4.5,10,4,13.5,11,12,143,16,110,46
155,8,6,14.5,7,5,10,6,2.5,6,7.5,6,46.5,31,148,12.5,6,6.5,3,8,7,13.5,221,17.5,139.5,97.5
156,7.5,6,13.5,7,18.5,23,2.5,6.5,3,4.5,5,19.5,71.5,63.5,22.5,5,6,3,11,8,14,128,17.5,88,44
157,5,6.5,12.5,10,13.5,16.5,6.5,5,2.5,2.5,6.5,19.5,91,200.5,7.5,7.5,8.5,3.5,12,14.5,11,210.5,23.5,76,46
158,6,13,12,8,20.5,18,3.5,2.5,2.5,7.5,4.5,43.5,68,139.5,24,4.5,9,2.5,8,13.5,12,145,20.5,111,50
159,9.5,12.5,8.5,7.5,12.5,19.5,4.5,4.5,4,4,7.5,90,73.5,123.5,20.5,7.5,8,3,12.5,13.5,12,127,17,34,116.5
160,8,13.5,5,6,22,10.5,5.5,4.5,2.5,8,5,90,23.5,105,9.5,7.5,8.5,4,13,11,1,113,24.5,92,136.5
161,9.5,14,12,8,17.5,12,4.5,4.5,2.5,6,6.5,76,68.5,168.5,25,6,10,2,10,15,15,138.5,20.5,118.5,116.5
162,9,12.5,12,7.5,6.5,9.5,5.5,3.5,4,5.5,6,33,39.5,206.5,19.5,7,11,3,5.5,14,0,44.5,21.5,139,28.5
163,10,8.5,10.5,9.5,6,6,5.5,2,5,7,4.5,94,27.5,157,26.5,7.5,10,3,11.5,7,2.5,128.5,21.5,120.5,42.5
164,7.5,10.5,8.5,8.5,13.5,13,6.5,5,3,4,7,36.5,28,175,14.5,5.5,11.5,4,7,8.5,6.5,91.5,22.5,63,72.5
165,6.5,9,11.5,6.5,13,11,5.5,3.5,2.5,2.5,7,34.5,19.5,152,5.5,4.5,7.5,2.5,7,10.5,11.5,165.5,24,117,54
166,7,5.5,7,5.5,13,6.5,6,2.5,5.5,7,5,51.5,43.5,65,22,4.5,10,2.5,12.5,14,13,131,21,117.5,103
167,9,14,10.5,7.5,6,21.5,4,5,5,8,4,45.5,96,47.5,22.5,5,6.5,4,11.5,8.5,9,141.5,20.5,99,119
168,8.5,11,9,8,14.5,24,3,6.5,3,6.5,5.5,53.5,74,42,18,6.5,9.5,3,9.5,6,14,248.5,17.5,55.5,150
169,7.5,9,9.5,9,13.5,22.5,6,6.5,5,7,4.5,18,98.5,74,27,5.5,11,3.5,14.5,10.5,2.5,192.5,14.5,63,109.5
170,9.5,7.5,13,7.5,13.5,18,4.5,7,5,5,7.5,63.5,29.5,77.5,6,5.5,11.5,3.5,10,8,2.5,142,13.5,108,107
171,7,14,9.5,7,19,11,6,6,3.5,4,5,73.5,57.5,50.5,13,7,11,3,7,14.5,4.5,90.5,14.5,136.5,92.5
172,7,11.5,14,7.5,11,7.5,5.5,6,3,7,4.5,73,98,43.5,11.5,6.5,8,4,7,8.5,8.5,129,21.5,98,43
173,6.5,5,12.5,7,14.5,13,6,6,3.5,3.5,7.5,87.5,58,147.5,20,4.5,9.5,5,13.5,10,2,200.5,13.5,124.5,143
174,8,7,9.5,7,9,23,2.5,5,4,6,6.5,24,41.5,52,20.5,6.5,10,4.5,10.5,11,14.5,78,19.5,122.5,127.5
175,9,13,10,5,25,12.5,4.5,3.5,2,6.5,6.5,78.5,66.5,82,20,5.5,10.5,5,13.5,11,5.5,82,14.5,140,85
176,7.5,9.5,5.5,6,11.5,22,3,5,4,6,6,94.5,40,200.5,13.5,7.5,8,4,7,15,2,218,10.5,81.5,50.5
177,9.5,6,12,7.5,24.5,10.5,6.5,4,4,3.5,6.5,24,21.5,141.5,11,6.5,10,2.5,8.5,12,4.5,36,12.5,37.5,94.5
178,8.5,7.5,5.5,6.5,11.5,23,3,3.5,4,5,6,39.5,20,55,13,7,7,2,15,8.5,14.5,161,17.5,81,150
179,9.5,12,10.5,6.5,24,22,5.5,4.5,2,7,4.5,73.5,15,125.5,7,7.5,7.5,3.5,9,7,14,226,22,137,96.5
180,7.5,7,9.5,9.5,6,15,4,2.5,2.5,8,7,25,54,75.5,22.5,4,10,2.5,11,8,0.5,80.5,24,54.5,56.5
181,6.5,9.5,9,8.5,8,24,5,4,2,2.5,4.5,18,100,221.5,25,8,9,3.5,7.5,9.5,6,97,21,42,45
182,6.5,14.5,10,7.5,17.5,18.5,3.5,6.5,5.5,5.5,5.5,60.5,56,129,15,5,8,4,10.5,9.5,14.5,97,11,119.5,82
183,10,13.5,7.5,6.5,12,23.5,3.5,6,2.5,2.5,6,96,29.5,47,17.5,8,6,3,5.5,7.5,14,219.5,18,72.5,71
184,8.5,13,14,9,13.5,23,3.5,2,4.5,5,4.5,61,43,170.5,22.5,7,7.5,4.5,9,6,15,195,20,56,101
185,8.5,7,13,10,11.5,16,4,4.5,4.5,6.5,7,43,38,130.5,29,4.5,11.5,3,13,14.5,7,41,21,80,121.5
186,7.5,12,12.5,8,16.5,18.5,3.5,4.5,3,5.5,7.5,48.5,61.5,31.5,18,5,8,3,6.5,5.5,1,147,23,128,89.5
187,9.5,14.5,14,6.5,6,17.5,3,3.5,4.5,5,5,24.5,83,47,25,5,12,4.5,5,14.5,14.5,200.5,13.5,69.5,43
188,7.5,9,12,7,6.5,6,6,5.5,2.5,5.5,5.5,98,16.5,132.5,8,5,7,4.5,8,12.5,12.5,236.5,21.5,80,69.5
189,6.5,8.5,7.5,5.5,12,16.5,2.5,5,3,5.5,4.5,92.5,41,199.5,12.5,7,11,5,9.5,10.5,5.5,194.5,22.5,122.5,121
190,7.5,6.5,13,7,22.5,17,4,4.5,3,2,4,27,63.5,62.5,6.5,4.5,6.5,4.5,10.5,5,2.5,141.5,22,127,33
191,9.5,6.5,8.5,7,24.5,20.5,3.5,3.5,2,3.5,7,15.5,98,175.5,14.5,7,9,4.5,10.5,5.5,3.5,116,13,60,148
192,6.5,10.5,13.5,6,11,12,3.5,2.5,3.5,7,8,35,29,111.5,13,7,6.5,4.5,14.5,9.5,14,116.5,13.5,83.5,80.5
193,8.5,9.5,15,8.5,15,9,4,4.5,3,7.5,7,83,72.5,244.5,16.5,7.5,8,3.5,14.5,11.5,5.5,212.5,11.5,106.5,142.5
194,7.5,10.5,11.5,7.5,24,10.5,3.5,7,4.5,4.5,4.5,66.5,45.5,69,8.5,6,11,2.5,9.5,7.5,14,85.5,10.5,130,100.5
195,6.5,10.5,14,7.5,8,23.5,6,6,2,3,7.5,63,27.5,193.5,5.5,4,10,4,5,10.5,4,200,13,125,117.5
196,7,14.5,8,9,6.5,25,5,6.5,5.5,5.5,6,73.5,29,149,23.5,7.5,9.5,3.5,12,7.5,13.5,204,24,142,84.5
197,5.5,12.5,8.5,8.5,8,9.5,2.5,6.5,3,5,4.5,79,42,61,12.5,6.5,7,4.5,7.5,14,4.5,122,16,149,126.5
198,5.5,10,10.5,8.5,10,9.5,3.5,2.5,3,7.5,7,45,84.5,41,13,7.5,8,2.5,9,12,6.5,93,24.5,56.5,64
199,8.5,5.5,14,5,24.5,14.5,2.5,2.5,5,7,5.5,58.5,37,94,29,7,7.5,2.5,10,6,0.5,171.5,16.5,130,147
200,5.5,6.5,10.5,9,10,15,4.5,2.5,5,4,5,89,32.5,63.5,20.5,7.5,11.5,4,12,5.5,11,190,21.5,113.5,87.5
201,8.5,8.5,7.5,5.5,10.5,10.5,3,6.5,5,4.5,6,52.5,32,93,23.5,5,9,2.5,15,7,2.5,219,13,71,100
202,6,14,8.5,10,9,14.5,3.5,4,3.5,2,6.5,99,39.5,193,19,5.5,12,2,9.5,9.5,7,144.5,20.5,42.5,110
203,8,11.5,7,8,25,24,4.5,3.5,4,5,5,46,90,135.5,25.5,5,12,3.5,6,6,15,171.5,14.5,64,28.5
204,6.5,12.5,7.5,8,10,6.5,6,4.5,2.5,3.5,8,51.5,70.5,97.5,20.5,8,12,2,6,8.5,12,123,13.5,124,86.5
205,6.5,13,5.5,6.5,13.5,18,6.5,4,5.5,4.5,6,38,98.5,228,7.5,6.5,9,3,6.5,8,5.5,234.5,19,52.5,69
206,8.5,9.5,12,6.5,14,8.5,2,6,2,7,7,87,25.5,213.5,11,5,6.5,3,8.5,8.5,5.5,238.5,11.5,50,115
207,7,10,15,7.5,17.5,12.5,6.5,5.5,5.5,5,7,58.5,32,181.5,23.5,6,6.5,4.5,10.5,8.5,5,221,21,34.5,136.5
208,6.5,13,14,9,24,13,6,2.5,2.5,5,7.5,39,27.5,58.5,19,7,11,2,12,14.5,6.5,159,11,149,46
209,7.5,12.5,11,5.5,12.5,8.5,6.5,3,4.5,4.5,4,53.5,63,66,12,7.5,12,2.5,7,14,9,174,13,82,67.5
210,9.5,11.5,8.5,8,21,24,4.5,4.5,3,4,6.5,56.5,73,185,7.5,7.5,7.5,4.5,12.5,10.5,0.5,61,21,107.5,127.5
211,5.5,10.5,10.5,7.5,22,8.5,3,6,5,4.5,6.5,59,73.5,127,14,6,9.5,2.5,14,12.5,1.5,181.5,16,65.5,137.5
212,5,10,11,7.5,23,11,4.5,4,5,2.5,4.5,82.5,63.5,80.5,14,5.5,9.5,2,14.5,12.5,13,62.5,18.5,130.5,106
213,9.5,14,7,9.5,5,6,7,3.5,5,7.5,6,91.5,27,56,26.5,4.5,10,4.5,7,8.5,9.5,42.5,18,94.5,77.5
214,6,12.5,12.5,9,8.5,24,2.5,2.5,3.5,6,4,82.5,83,57.5,9.5,5.5,7,3,13,7.5,9,90,11.5,149.5,100.5
215,6.5,7,6,7,19.5,22,4,5,4,7,7,76.5,39,104,18,5.5,11,3,10,12,9.5,167,14.5,86.5,33.5
216,7,11,9.5,6.5,24.5,9.5,3.5,4,5.5,6,5.5,57,89.5,79,19,4.5,12,4,11,13.5,0.5,226,17.5,135.5,145.5
217,6.5,8,6,6.5,10,8,5,2.5,5.5,2.5,4.5,75,16,138,8,6.5,11,3,14.5,7.5,8,41,21,92.5,116.5
218,8.5,11,7,9,24.5,7.5,6,5,4,2,6,61,52.5,165,11,5.5,9,4,13,6,9,109,22.5,55,103.5
219,8,10.5,11.5,10,10.5,9,5.5,3.5,4.5,4.5,5.5,68,73.5,133,10.5,4.5,8,2.5,12,6.5,4,249.5,17,105,132.5
220,7,10.5,14,7,18.5,13.5,7,4,4.5,6.5,4,84,78.5,49,5,5,9,4,9.5,9.5,6,153,24,121,78
221,8.5,6,15,7,20.5,7,3,2.5,3,6,4.5,90,71.5,119,21.5,4.5,10,2.5,11.5,12.5,4,153.5,14,148.5,136.5
222,8,10,11,5.5,21,13,3,4.5,4,6.5,5,77,44,212,12,6,9.5,2.5,10.5,11.5,2.5,223,17,58,143.5
223,8.5,11,11.5,9.5,22,15,3,2,4.5,8,5.5,97,32,168,20.5,6.5,7,4,6,7,15,144.5,21.5,73,34
224,5.5,9,8.5,8,7,16.5,6.5,6,3.5,4,7,22,93.5,72.5,14,4.5,8.5,3,14.5,6,5,139.5,20.5,44,52
225,6,8,14,6,17,10,4.5,3.5,2.5,3,4.5,95,33,143.5,11.5,6.5,9.5,2.5,14.5,9,11.5,157,15.5,51,132
226,8.5,11,10.5,7,15,15,6,7,5.5,4.5,5.5,38.5,31,124.5,22,5,11.5,3.5,14.5,8,4,134.5,11.5,39.5,93
227,5.5,11,13,9,8.5,20.5,6,2.5,3.5,6,7.5,21.5,43.5,239.5,19,5.5,8,4.5,15,14.5,10.5,161,10,106,94
228,6,14.5,8.5,9,19.5,15,4,3.5,3,3,5,87,88.5,90,21.5,5,8,3.5,12,13,13.5,175.5,15.5,50.5,69.5
229,5.5,8.5,8,9.5,20.5,20,4,6,3.5,4.5,5,77.5,77.5,175.5,16.5,6,10,3.5,14.5,6,0,162.5,22.5,63,72
230,6,8,7,9,19,7.5,3.5,4.5,4,2.5,7.5,47.5,76.5,197.5,12.5,7.5,9.5,3,10.5,12,1,70,24,42,62.5
231,9,6.5,12.5,9,21,17,7,2.5,6,8,6,29,48,164.5,29.5,4.5,6.5,5,12,12.5,13.5,80.5,10,37,64.5
232,5,14,11.5,9,10.5,10,3,4.5,3.5,7,6.5,92,34,38,5.5,7.5,6.5,2.5,14,12.5,7.5,231.5,22,25,105
233,9.5,7.5,11,5.5,22.5,9,2,5.5,4.5,7.5,6.5,80,74,198.5,14.5,7.5,6.5,4.5,13.5,5.5,9.5,94.5,14.5,137,25.5
234,6,11.5,9,8,14,8,7,3.5,2.5,5.5,5.5,39,73.5,78.5,17.5,7,8,2.5,8.5,5.5,11,237,10,118,60.5
235,6.5,11.5,10,8.5,5.5,23,5,3,2,5,7,83.5,33.5,246.5,13.5,6.5,6,4.5,12,5.5,0,227,13.5,25.5,89
236,7,9,14.5,9.5,12,14,5.5,6.5,4.5,2,6.5,62,99,97,9.5,5.5,10.5,5,14,15,11.5,98,12.5,131,86.5
237,8,13.5,9.5,8,16.5,21.5,7,5.5,2.5,6,4,49,78.5,77.5,9.5,6.5,7,4,9.5,15,8,133,13,92,94
238,9.5,10,10.5,5.5,24.5,13.5,6,5,5,7.5,5,20.5,17,181,10,5.5,9,3,7,7.5,7,130,15.5,39.5,80.5
239,8.5,14,7,7.5,17.5,24.5,2.5,6,2.5,4.5,5,53.5,18.5,124,13.5,5.5,9.5,3,14,10,0.5,250,23.5,116,106
240,7.5,5.5,6,5,19.5,7,5.5,6,4.5,4,4.5,36.5,26.5,124,27,5.5,6.5,3.5,13.5,14,10,39.5,23.5,95.5,117
241,9.5,8.5,6,9.5,12.5,10.5,3,5,6,4.5,7.5,92.5,85,107,11,6.5,7.5,4,8.5,12.5,14.5,103,16.5,60.5,135.5
242,6.5,12.5,9,9,18,19,3,3.5,5,5.5,4,61.5,63,39.5,16.5,6,8,2,9,8.5,11,183,25,147.5,72.5
243,5.5,6.5,11.5,8,12,11.5,4,2.5,5,3,6.5,63,23,100.5,22,4.5,7,2.5,11.5,9,13.5,68,14,53.5,131.5
244,7.5,8,13,7.5,13.5,10.5,3.5,6.5,2.5,7.5,7.5,34,83,145.5,21,4.5,9.5,2,11,8.5,0.5,171.5,16,94.5,91
245,9,6.5,8,7.5,8,20,6,5,2.5,5,4.5,22,47.5,28,8,4.5,10.5,2,10.5,12.5,7,236,22,50,88
246,9,11,11,7,22,20,6,3,6,5.5,4.5,33,68.5,117,28,8,10,2,14.5,13,13,108,13.5,87,127
247,5.5,14.5,11.5,7,12,12,5.5,3,5.5,2.5,6,96,29.5,120,16,6.5,8.5,3,6.5,9,7.5,90,16.5,67,56
248,9,7.5,8.5,6,15.5,20,5.5,5,4.5,3,5,39,57,242,28.5,6,11.5,3,9,8.5,5,77.5,14,81.5,61.5
249,5.5,15,15,6.5,19.5,5,4.5,4,5.5,6.5,4,60.5,63.5,31.5,14.5,5,10.5,2.5,7,12,12.5,121.5,20,45,132.5
250,9.5,5.5,13.5,10,22.5,10,2.5,5,2,7.5,7.5,63.5,73,37.5,18,5,9.5,3,7.5,8.5,12,54.5,18.5,108,48
251,6.5,14,7,7,9.5,20,3.5,7,5,6.5,4.5,81,28.5,158,24,7,8.5,3,8,14.5,12,93,10,97.5,73.5
252,8,11,7.5,9.5,5.5,19.5,4,6,4.5,6.5,5,98.5,37,126.5,14.5,7,8,4,12,14,11,164.5,14,80,79
253,9.5,11.5,12.5,7.5,12.5,9.5,2,5,3,2.5,6,17.5,33,78,6.5,4,8.5,3,9.5,11.5,8.5,178.5,15,64.5,148.5
254,8,14,6.5,5.5,19.5,8,6,3,3,6,7.5,73.5,32.5,90,27,4.5,9,4,12,10.5,10.5,140.5,12,69,82
255,9,6.5,5.5,8.5,6.5,6.5,4.5,2,4.5,3,7,91.5,89.5,86,14.5,7,8,3,8.5,10,8,177,25,120,80.5
256,10,14,13,6.5,9,20.5,5.5,6.5,5.5,7,5.5,72,92.5,124.5,21.5,4,11,4,9,13.5,9.5,178.5,23.5,49.5,101.5
257,8,6,8.5,7.5,23.5,13.5,6.5,5,3,5,5.5,75.5,100,175.5,11.5,6,6.5,3,13,11,15,142.5,13,132,62.5
258,7,12.5,7.5,8,17.5,19,4,3,5,4.5,7.5,76.5,49,60.5,12,6,11,5,14,11.5,4,154,24.5,114.5,56.5
259,5,12.5,12,9.5,13.5,21.5,3.5,2.5,2,5.5,8,79,82.5,100.5,8,4,11.5,4,13.5,11.5,11.5,75.5,22.5,115,141
260,6.5,11,12.5,6.5,22,19.5,4,6,2.5,6.5,5.5,50,46,98,29.5,4.5,11,4,5,7,4,106,18,52.5,97
261,7.5,11.5,8,8.5,12.5,23,3.5,4.5,5,3,5.5,24,89,167,6.5,5,8.5,3.5,5,6.5,7.5,88,13.5,124,68.5
262,5,5.5,14.5,6,15,20,6.5,6,5,7.5,7,63,23,185.5,8,6,6,3.5,9.5,9,6,183,19,117,123.5
263,8,11.5,9,8,9.5,24.5,2.5,2.5,3.5,7.5,7,62,68.5,30,28,5,6.5,3.5,9.5,12.5,4.5,120,12,44.5,60
264,7.5,11.5,7.5,9.5,22,12,2,4.5,5,4.5,5,98,32.5,105.5,24.5,5.5,9,3.5,13,8,7,29.5,14,89.5,119
265,6,11.5,10.5,6.5,23.5,11.5,5,6,5,2.5,6,44,49,135,28,7.5,8,2.5,6.5,8,1.5,70,13,93,91.5
266,5.5,7.5,9,10,11,13.5,3.5,3,2.5,2.5,7.5,92,40.5,155,9,6.5,10.5,4,11.5,13,5.5,85.5,15.5,82.5,101.5
267,7,7,7.5,6,7.5,6,2,5.5,3.5,6,4,88,87,72.5,9.5,7.5,9,3,11.5,12,10.5,87.5,17.5,68.5,149.5
268,6,8,12,10,15,10,2.5,6,6,8,6.5,79.5,24.5,59,23,7.5,8.5,2.5,14,6,4.5,68,24,118,48
269,7.5,14.5,15,8.5,6.5,8.5,6,6,4,7,4,39,50.5,50.5,15,5,9,2.5,12.5,13,7,151.5,16,83.5,126.5
270,5,10,7,9.5,6.5,18.5,5,3.5,3.5,3.5,4.5,53,99.5,39.5,12.5,6.5,6.5,4,14.5,8,2.5,74,17,67,36.5
271,6,14.5,14.5,8,18.5,6,6,4.5,4,3.5,4.5,29.5,38,238,7.5,6,7,4.5,14.5,9,12.5,26,12.5,116.5,115
272,6.5,10.5,11,9,23,16,3,2,5.5,3,8,59.5,82.5,170,21,5,11.5,4.5,7,10,9,241,19,68,76.5
273,8.5,9.5,13.5,5.5,21,17.5,6,3.5,5.5,3.5,6,41,45,197,14,4.5,7.5,2.5,8,7,10.5,213,13.5,52,35.5
274,6,13,14,7,6,7,2.5,4.5,3,2.5,6.5,17.5,83,224.5,24,5,6.5,5,5.5,14.5,1,144,21.5,45.5,33.5
275,6,5.5,8.5,7.5,10.5,14,6.5,2,3,3.5,7,94,40,119,14,5,6.5,2,14,6.5,7.5,217.5,16.5,31,65.5
276,8.5,6.5,6,6.5,12,12.5,5,4.5,2,4,7,64,86,107.5,8.5,6,11.5,3,9,5.5,3,95.5,23.5,137,60
277,10,12.5,14,6,6,11,4.5,4,3,2.5,6.5,77.5,63,203,7,4.5,10.5,3,6,14,7,73.5,23.5,48,50.5
278,8.5,8,11,7.5,18,11.5,3.5,4,3,6.5,6,16.5,57,34,27,5.5,6,2.5,13.5,13.5,14,60.5,12.5,67.5,130.5
279,5,10,14,8.5,21,13,2.5,5.5,4.5,4,5,59,68.5,228,7.5,5,6.5,2,9.5,9,11,68.5,20,46.5,67
280,9,6,12,9.5,12.5,23,5,5.5,2.5,5,4.5,88.5,15.5,122,20.5,4.5,9.5,4.5,11.5,11.5,7.5,137.5,13.5,61,37.5
281,7,5.5,13,9.5,15,23,4.5,5,5.5,8,8,93,44.5,175,22,8,8.5,2.5,7.5,13.5,9.5,185,18.5,105,45
282,8.5,7.5,13,8.5,16.5,20.5,4,5,6,7,5,61.5,20,118.5,10.5,6,11.5,5,6.5,9.5,1.5,181,16.5,90,122
283,5.5,11,13,7,21,16,5,6,5,5.5,5,50,48.5,106.5,5.5,7,11.5,4,6,13,2,150,19.5,120.5,53.5
284,7.5,12.5,7,5.5,24.5,9,4,2.5,2,8,6.5,37,88,226.5,9,7,8.5,3,9.5,13.5,8.5,55,14,80,37
285,8,11.5,7,7.5,18,7.5,5.5,4.5,5.5,7.5,4,73.5,90.5,169.5,18,7.5,8,2,9.5,9.5,14.5,242.5,17.5,69,94
286,6,10.5,14.5,10,24.5,24,4,6,2,2.5,5,63.5,28.5,230,10,7.5,7.5,4.5,10.5,9.5,12,90,10.5,96.5,52
287,7,8.5,12.5,6.5,24,22,2.5,3.5,5,3,7.5,21,73.5,192,19.5,7,8,3.5,13,7,3.5,239,15,40,124.5
288,6,13.5,10.5,6,7.5,15,4.5,4.5,4.5,7.5,5,37.5,81,235,24,7,8.5,3.5,7.5,15,1,72.5,18.5,43.5,88
289,7.5,12.5,11.5,10,10.5,12.5,6.5,6.5,5,3.5,5.5,38,54.5,78,27.5,7.5,10,4.5,14.5,12,11,225,23.5,144.5,59
290,6,11.5,12.5,8,15.5,22,5.5,7,5.5,3.5,6,78,30.5,198,11,7.5,6.5,4,14.5,12,1,54.5,17,44,42.5
291,7,13.5,5.5,6,18.5,8.5,5.5,5,4.5,3.5,6.5,75.5,46,179.5,22,5.5,6.5,3.5,7.5,10,1.5,61,21,109.5,82.5
292,9,12.5,7.5,8,9.5,6.5,5.5,5,6,4.5,7,35,16,35,17,6,7,4.5,7,8,10,73.5,19,96,87.5
293,7.5,5,12.5,9.5,18.5,6,4,2.5,5,6.5,7,69,84,133,16,8,10.5,2.5,12,6.5,4,139.5,17,42.5,29.5
294,7,14.5,10.5,7,14,21.5,2.5,4.5,2.5,3,6.5,43.5,37,157.5,28,5.5,11.5,4.5,6,11,14.5,189,23,125,52
295,9,6,7,5.5,22,16,6,6.5,3,5.5,4.5,57.5,29.5,121.5,7,7,6,4,10.5,9,14,39.5,24,79,37.5
296,9,11.5,8,6,16,14,3.5,3.5,5,7,5.5,27,18.5,165.5,26,4.5,7,3,5,12,8.5,136,17,97.5,148
297,7.5,13,14,7,16,17,3.5,3.5,3.5,5.5,5,96.5,47.5,129,26.5,7,10.5,5,9.5,7.5,14.5,66.5,16.5,102.5,139.5
298,6,9,7.5,9,13.5,17,3,3,5.5,4.5,5,59,47,160,10,6,11,4.5,10,5.5,1,245.5,16.5,62,47.5
299,5,5.5,14,9,17,22,4,3,4.5,7,6,34.5,54,69,25.5,7,8.5,3,14,13.5,3,229,14.5,42.5,144
300,8,12.5,8.5,7.5,14.5,15.5,3.5,3.5,5,4,5,22,95.5,249.5,25.5,4.5,11.5,3.5,5.5,8.5,8.5,139.5,21,91,64.5
301,7.5,9,5,7,11,19.5,6,5.5,5,5.5,6.5,20.5,34.5,87,20.5,5,8.5,2.5,13.5,12.5,4,234.5,17.5,41.5,104.5
302,7.5,7,11,5,14.5,12,6.5,2.5,5,5,5.5,86.5,77.5,149.5,13.5,6.5,6,2.5,5.5,7,3.5,146,25,82.5,125.5
303,5.5,9.5,10.5,5.5,21,23.5,5,5,2.5,7.5,7,83,89.5,187.5,28,6,7,2,8,6.5,8,161,22,46,144.5
304,5,14.5,11.5,6,12,11.5,5.5,4.5,5.5,7,6.5,33,41.5,141,25.5,6,12,2.5,13,6.5,5,151,13.5,50,127.5
305,8.5,5,12.5,6,15.5,9,4,5.5,4,6.5,7,53.5,65,60.5,15.5,4,6.5,2,10,10.5,3,62.5,11,128.5,81.5
306,5.5,12,12.5,7.5,14.5,19.5,2,3,3.5,5,7,78.5,70,92.5,11.5,5.5,6.5,2.5,7.5,12,11,79,20.5,125.5,147
307,7,13,8,7.5,17,9.5,4.5,3.5,5,4,6.5,78.5,86,154.5,7.5,7,11,5,7.5,9.5,1.5,212,13.5,54,113.5
308,6.5,8.5,12.5,6.5,12,14.5,5,5.5,5.5,5,7.5,57,30.5,50.5,17,5,8.5,3,9,9,12.5,30.5,16,126,40.5
309,8.5,13.5,7,9.5,13.5,13,5.5,3,3.5,5.5,4.5,55.5,19,87.5,14,7.5,9.5,4.5,7.5,14,4.5,147.5,10,127.5,61
310,7,11,11,9,12,15.5,4.5,4.5,5.5,6.5,6.5,34.5,46,177.5,11.5,4.5,10,3.5,7.5,5.5,3,215.5,14,56,100
311,7.5,6.5,6.5,6.5,15.5,11,4.5,7,3,5,6.5,73,97.5,69.5,15,5,10.5,3.5,10.5,6.5,9.5,190.5,22.5,32.5,140.5
312,9.5,5.5,10,9.5,7,12.5,7,4.5,3.5,5.5,5.5,37.5,47,123,24,5.5,8,5,5.5,12.5,11.5,243,17.5,36,148.5
313,8,6,5.5,6,10,18,3,6,6,5,5.5,73.5,86,62,14.5,4.5,11.5,4.5,6.5,12,8,139.5,17,84,40
314,6.5,6,13,8,7,24,4.5,5.5,3.5,6.5,6.5,33.5,25,134,28.5,6.5,8.5,2.5,10.5,6.5,8.5,141.5,22,72,141.5
315,6,14,14.5,7.5,18.5,19.5,2.5,6,4.5,4.5,6.5,91.5,88,142.5,19,5,9,4.5,12.5,8,0.5,103.5,14.5,72.5,44.5
316,10,6,8.5,6,9,6.5,3,4,4,6,7.5,99.5,53,94.5,13,6.5,6.5,4,9,6,10.5,112.5,23.5,82,37.5
317,8,6,5.5,6,11,7.5,6.5,5,2.5,3.5,4,94,20.5,40.5,14.5,7,7,2.5,9.5,5.5,13.5,63.5,13.5,47,72.5
318,5.5,14.5,14.5,8,15.5,21,3,6,2.5,6.5,5.5,66.5,60.5,165.5,27.5,4,8,3,14,12,13.5,65,13.5,81,143
319,8.5,14,13,8.5,13.5,15,5,3.5,4,6,6,78.5,49,112.5,19.5,4.5,7.5,4.5,14,14,12.5,104,23.5,134,123.5
320,5.5,8,7.5,6,18.5,10.5,4.5,5,3,8,7,40,58,221.5,26,7,8,3.5,6,10,8,218,11,106.5,94
321,9.5,13.5,8.5,7.5,19,18,3.5,2,6,3,5.5,70,24.5,139,12,6.5,7.5,5,11.5,7,1,151.5,19,88,101.5
322,9,12.5,14,7.5,8.5,6.5,3,4,3,6.5,5.5,39.5,51.5,104.5,26.5,4.5,7,2,8,7.5,7,174,19.5,140,45
323,8,7.5,14,9.5,6.5,23,4,6.5,4.5,2.5,5,90.5,70,227,8,6.5,6.5,3,14,10.5,8,212,16.5,32,148.5
324,10,8.5,14.5,5.5,5.5,24,4,3.5,5,7,7.5,90,84.5,115,28,7.5,9.5,3,12,11,10.5,215,17,47.5,104.5
325,9.5,5,6.5,7,23.5,13.5,2.5,2.5,5,2.5,5,24.5,77.5,209.5,19,6.5,11.5,4,15,9,1.5,154,17.5,90,123.5
326,8,6.5,6.5,6,18,13.5,5,2,3.5,2.5,8,89.5,85,250,20,5,9,3,14.5,11.5,1.5,219.5,14,88,123.5
327,9,11.5,13,6.5,24,19,5,5,2.5,7.5,6,65,62.5,88,5.5,7,9,4,12,11.5,1.5,73.5,15.5,64.5,69
328,6,6.5,11.5,6,6.5,16,3,5,5,5,6.5,33.5,81,195,29,5.5,9.5,2.5,8,12.5,14.5,190,21,32.5,95.5
329,8,6,11,9.5,7.5,19,3.5,4,3.5,6.5,5,21.5,37.5,58,12.5,5,12,2,11.5,9,0.5,239,14.5,87,66.5
330,8.5,13,13,8.5,18,17,4.5,5,2.5,3.5,5,70,48.5,120.5,20.5,4.5,10.5,3,11,8.5,7.5,204.5,10.5,88,122.5
331,9,8.5,5.5,9.5,24.5,19.5,5,4,5.5,5.5,6.5,86.5,27.5,118.5,20,6,10,3.5,9.5,6,5,137.5,16,64.5,109.5
332,6.5,9,13,7,10,15.5,4.5,4.5,3,6.5,7,38.5,81,111,9,6.5,12,3,9.5,11.5,13.5,236.5,21.5,92,122
333,9.5,11,12,9.5,21.5,19,3,4,5.5,6,4,53,90,55.5,15,5,10.5,3.5,6.5,10,5,132.5,22.5,130,91
334,5.5,9,9,6.5,13,16.5,3.5,5,4,7.5,4.5,28,74.5,97.5,12.5,6,11.5,5,13,8,13,165,12.5,80.5,32
335,6,7,12.5,6.5,20,19.5,3,3.5,4,2.5,6,66,59.5,161.5,26,5,11.5,5,10.5,7,1.5,149,21,92.5,88.5
336,6.5,10.5,13,9,11,19.5,6,2,2.5,5,5,40.5,24,169.5,22.5,6,9.5,3.5,8,15,0.5,138,21.5,43,55
337,6,14.5,7,6.5,16.5,11,3,4,5,6.5,4,31,98.5,88,13.5,4.5,8,3,8.5,15,8.5,111.5,24.5,124.5,84.5
338,8,13,8.5,8.5,21.5,15,2.5,3.5,3,2,7,38.5,86,221,20.5,7.5,7.5,3,6.5,13,5,143,19.5,30,149.5
339,7.5,7,5.5,9,13.5,7,4.5,5,2,7.5,5.5,19.5,97,26.5,13.5,7,9.5,4.5,14,5.5,9.5,217.5,16.5,89.5,88
340,6.5,8,6,8.5,20.5,14,5.5,5,2.5,7.5,7,76.5,88,63,21.5,6.5,9,2.5,15,10,3,106,10,96.5,46.5
341,8.5,14.5,14,6,14,10.5,3,4,2,2,5.5,65.5,33,87,11.5,6,9.5,3,14.5,5.5,13.5,194,16,104.5,79
342,5,6.5,13.5,8,14,22.5,3.5,4,2.5,3.5,4.5,81.5,64,102,5.5,5,10.5,3.5,13.5,13,0,64,15.5,139,93.5
343,10,9.5,8,7,11,12.5,4,6,3.5,2,5,54.5,72.5,249.5,29.5,6.5,11.5,4,11,11.5,7.5,176.5,15,89.5,137
344,6.5,6.5,14,6.5,15.5,14.5,6.5,3,3.5,5,5.5,50,78.5,66.5,21.5,6.5,8.5,4.5,9.5,7.5,5,111,11,125,63.5
345,7,8,7,9.5,24.5,17.5,2.5,3.5,4,3.5,8,55.5,51.5,162.5,30,6,11.5,5,9.5,9,14.5,202.5,20,147,80
346,7,10,13,9.5,25,21.5,3,5,4,3,8,32.5,100,139,17.5,8,8,4,10.5,13.5,4.5,61,20,131,78
347,9,8,14.5,7.5,12.5,19.5,3.5,2.5,5,4,6,61,75,223,10.5,7.5,11,2.5,8,6,4,199.5,15,61.5,110
348,6,12.5,7.5,9,24,5.5,4.5,6.5,5.5,7,7.5,58,54,86,6,7.5,11,3,13.5,10,6,174.5,21,105,100
349,8,11.5,8.5,10,10,25,6,6,2.5,5,5.5,34.5,60,54.5,28.5,6,6,3.5,8.5,12,1.5,100.5,24.5,101,102
350,8,8,5.5,8.5,9.5,18,3,4,3,7.5,5.5,33,77.5,77.5,17,6,9,4,13.5,14,2.5,228.5,23,64.5,72.5
351,6,10,9,5.5,14,23,2,2.5,4,4,6,99.5,46.5,211,9.5,5,10,4.5,10.5,10.5,10.5,93.5,24,53.5,57.5
352,8.5,9.5,5.5,5.5,7,14.5,4,3,5,3,6,15.5,55,188.5,29.5,8,11,3.5,8.5,12,14.5,29.5,15,88.5,94
353,9,13.5,11.5,6,15,13,3,4,2,5,7,87,100,241,6.5,7,9.5,3.5,9,14.5,2,83,10.5,57,79.5
354,7,8.5,12.5,6,24.5,20,3.5,5,2.5,3,7,25,96.5,137.5,28,6,8,4,12,12,12,150.5,22,69,102.5
355,6,10,11,9.5,22.5,10,2.5,6.5,4.5,6.5,6.5,24.5,69.5,186.5,17,6.5,10.5,4.5,11,11.5,9,204.5,20.5,27,58.5
356,8.5,9.5,8.5,7,21.5,24.5,2,4,4.5,7.5,5.5,77.5,79.5,170.5,15.5,7.5,8,3.5,12.5,10.5,1.5,238.5,17,101.5,77.5
357,8.5,12.5,6,7.5,6.5,12,6,6,4,2,7.5,85,78,240.5,9.5,5.5,8.5,5,7,7.5,1,231,11,49,51
358,10,10.5,13,5,24,16,6.5,3,5.5,7,4,21.5,39,57,26,6,10,5,10,9.5,8.5,141,12,140.5,55.5
359,8,6,13.5,9.5,8.5,13,3.5,4,4.5,5,6.5,63,16.5,97,11.5,8,8,4,10.5,8,11.5,179,20,40.5,102
360,6.5,10.5,11,8.5,16,10.5,4,4.5,5,2,6.5,71.5,40.5,29,23,4,10,2.5,8.5,14.5,1.5,197.5,22.5,60,58
361,8,6,14,7.5,9.5,21.5,4.5,6.5,4.5,6.5,7.5,40.5,48.5,154,9,6.5,10,4,7.5,13.5,2,37,15.5,105,121.5
362,7,13.5,5.5,8,7,20,7,2,5,5,4.5,20,90.5,220.5,8.5,7,8.5,4.5,8.5,14.5,0.5,217.5,20,45,125.5
363,8.5,8,11.5,7.5,17.5,24.5,3,7,2.5,5.5,4.5,29,48.5,101.5,7.5,7,6.5,4.5,13.5,13,0.5,59.5,22.5,107.5,98.5
364,6,11.5,5.5,10,16.5,17.5,3.5,7,5,7.5,7,22,34,156,11.5,4.5,7.5,4,7.5,13.5,13.5,242,21.5,47.5,84.5
365,6,7.5,11,6.5,20,24,4,4.5,2.5,6,7,58.5,63,28.5,29.5,7.5,7,4,12.5,10,9,215,11.5,148,29.5
366,8,13,6.5,9,6,20.5,4,6.5,4.5,4.5,7.5,41.5,23,240.5,10.5,4.5,8.5,4.5,9,13,5.5,120.5,12,77.5,82.5
367,5,9.5,12.5,6,13.5,16,3.5,2.5,5,3,4.5,89,26.5,213,26,5.5,7.5,4.5,5,11.5,9,207,13.5,143.5,72.5
368,9.5,6.5,10.5,8,9,8.5,4,6.5,5,5,7,49,52.5,44,7.5,6.5,8,3.5,8.5,10.5,6,141.5,19,90.5,97.5
369,6,5,10,6,21.5,5,7,3,2.5,5,7.5,52,40,207.5,16.5,8,8,3,5.5,6.5,12,155.5,24,62.5,107.5
370,10,13.5,9,5.5,7,8,4.5,4.5,5.5,6,7,80.5,50,41.5,25,6.5,10.5,4,6,8.5,12,81.5,10.5,109.5,124.5
371,7,11,9,7.5,23,13.5,3.5,4.5,6,5.5,4.5,29,34.5,223.5,26.5,6,10.5,4,6.5,14.5,5.5,201,22.5,62,49.5
372,8,9,8.5,10,9.5,21,6.5,5,3.5,2,7.5,82.5,76.5,182.5,17.5,5.5,6.5,4,14.5,6.5,11,199,12,114,44.5
373,5.5,6.5,9.5,6,18.5,11,2.5,6.5,2,4.5,6.5,24,35,179.5,28,7,9,4,12.5,11.5,9.5,231.5,25,82.5,26.5
374,9.5,8,13.5,8,15,15,3.5,3.5,3,7,8,81,76,82,13.5,4,9.5,3,6,11.5,11.5,242.5,22,80.5,56
375,5.5,12,13.5,8,23,9,2.5,6,6,3,4,20.5,77.5,249.5,26,6.5,10.5,2,8,12.5,4.5,94,10.5,99.5,141
376,8,12.5,5,5.5,18.5,16,2.5,3,4.5,2.5,5,69.5,82,212.5,15,7.5,9,4,6,9,11.5,215.5,19,66,103
377,7.5,9.5,5,10,17,22.5,4.5,4,6,6.5,5.5,88,82,74.5,13,5.5,7,5,6.5,5.5,12.5,215,21,55.5,71.5
378,10,11,6.5,9.5,23.5,24.5,3,6,2.5,7.5,4.5,69.5,69.5,143.5,28,4.5,10.5,3,8.5,10,11,129.5,21.5,60.5,67.5
379,9,8.5,7.5,9,16,18.5,5.5,4.5,5,4,7,51.5,21.5,136.5,7.5,6.5,9.5,2.5,11,5,5.5,180,13.5,98.5,43
380,8.5,13.5,6.5,6.5,7,19,3.5,5.5,2,3.5,5.5,43,93.5,119.5,29.5,7.5,10.5,4.5,8,12.5,3,207,19.5,55.5,115.5
381,7,12,8.5,10,8.5,21.5,4,6,4,5.5,4.5,82,96.5,220,29,7.5,8.5,5,12.5,12,7.5,139,15,126,75.5
382,7,6,13,9,8.5,16.5,5.5,6,4,4.5,6,85.5,40,202,10,5,11,4,8.5,14,5.5,31,21.5,85.5,56.5
383,7,13,13.5,8.5,6,24,6,5.5,4.5,5,6,98,31,186.5,15,5.5,9,2,8.5,12.5,11,209.5,20.5,48.5,35
384,5,14.5,5,5.5,16.5,11,6,3.5,5.5,6,5.5,35.5,21.5,88,20,5.5,10,2,7.5,9.5,4.5,197.5,17.5,104,100
385,9.5,6.5,12.5,9.5,22,19.5,4,3.5,4,2,5.5,42,26.5,73,11.5,4,10,3,10.5,14,11.5,35.5,22.5,112.5,89.5
386,6.5,8,13.5,8.5,16,16,6.5,6,5,6,5.5,28.5,35.5,134.5,21.5,6,8,5,13.5,14.5,9,228.5,19,149.5,107
387,9,13.5,12.5,8,20.5,15.5,3,5.5,3.5,4,5.5,90.5,24,140,7.5,6,9,5,14.5,7.5,5.5,54.5,17.5,53.5,55.5
388,6,14.5,7.5,9.5,24,16.5,3,3,2.5,6,4,27,45.5,125,27,4,10,3,13.5,11.5,14,59,13.5,29,42.5
389,8.5,6,10,7.5,22,7,5,4,5,7.5,6,29,98,135,27,5.5,10,4,10.5,12.5,1,185,10.5,60,113.5
390,7.5,11.5,12,5,11,17,2.5,3,3,4,4.5,66.5,89.5,185.5,28,4.5,9.5,3.5,12,11,13.5,216,16.5,25.5,146.5
391,9.5,13,14.5,6,8.5,19.5,2,3,4.5,7,4.5,57,85.5,135,7,6,10.5,4.5,15,11,13.5,78,15,121.5,98.5
392,5,12,5.5,7.5,23,16.5,7,2,4,3,6,82,38,101.5,21.5,6.5,12,3,9.5,11.5,3.5,189.5,23.5,87.5,126.5
393,10,6.5,9.5,6,5.5,23,2.5,4,4.5,7,8,47,44.5,79,13,7,6.5,4.5,12,9.5,4.5,233.5,15,116.5,35.5
394,8,11,13.5,9.5,13,10.5,4,6,4,6,8,74.5,77.5,151.5,15,4.5,11.5,3,6,10,13,38.5,11.5,111.5,30.5
395,8,13,13,8,20.5,14.5,2,4,4,3,4.5,62,16,69.5,23,6.5,11.5,2.5,10,10.5,12,94,14.5,120.5,48
396,8.5,10.5,6,5,20.5,9.5,6,5,4.5,5,6,77,38,182.5,10.5,6,7.5,5,6,5.5,11.5,91,11.5,133.5,43
397,6,7.5,13.5,8,24.5,21.5,4.5,4,5,3,8,78,37.5,223.5,15.5,4,9,3,14,13.5,5.5,118,24,128,125
398,10,5.5,15,6.5,18,21.5,2.5,2,2,3.5,4,31,99,101,15,5.5,9,2.5,7,14,12.5,230,24,91,70
399,6.5,14,7.5,6.5,18,20.5,3.5,2,5,3.5,7.5,56,77,67,11.5,4.5,11.5,5,15,9.5,11,121.5,14,130.5,98
400,7,6.5,7.5,5.5,16.5,11,4.5,4.5,5,6.5,5.5,90,97,147.5,21.5,6.5,7,5,13,10,11.5,87.5,17,79,83
401,6.5,14,14.5,5.5,20.5,6,6.5,3,3,6,6,46,50,234.5,13.5,6.5,6.5,2.5,9.5,13.5,0.5,214,21,35.5,25.5
402,6.5,13.5,13,7,18,16,6.5,5.5,4,5,4,68,32,167.5,18,7.5,12,3,10.5,6,3.5,157,12,60.5,58
403,5.5,7.5,10.5,6.5,12.5,13,6.5,6.5,3,3,6.5,80,43.5,219,13,4.5,12,3.5,14,8.5,5.5,73,19.5,138,127.5
404,5.5,13,10,8,6.5,12.5,7,3,3,2.5,5,33.5,71,99,27.5,7.5,10,3.5,13.5,10,10,33.5,10.5,111,67
405,5,9,9,7,17.5,11,6.5,5.5,3,4.5,5,67,51.5,111,18.5,7,8,5,14.5,15,5.5,42.5,15,70,136.5
406,6,9,7.5,7.5,19.5,8.5,6.5,5.5,5,5,8,90,51,205,17,7,8.5,4,5.5,14.5,3.5,190,15,93,39.5
407,8,5.5,7.5,9,21.5,9.5,5.5,2.5,2.5,6,8,62,19,216,18,5,7,4.5,10.5,5.5,13,101,15.5,146,95
408,9.5,6.5,10.5,9.5,12,20.5,6.5,2.5,3.5,5.5,7,50,44.5,104.5,28,6,6,2,10,9,7,39.5,24,117.5,48.5
409,8.5,9,7,5.5,11,22.5,3,4.5,4.5,6,7.5,71.5,30,243.5,19,4.5,10.5,5,11,15,8.5,186,22.5,28,65.5
410,9.5,5.5,9.5,7,15.5,10.5,5.5,3.5,5.5,3.5,4.5,47,98.5,164,26,6,10,4.5,11,11.5,8.5,135,11.5,64,95.5
411,8,10,11.5,6.5,10.5,11.5,2.5,4,5.5,2,4,68,53.5,67,29.5,7.5,9.5,3,6.5,11,14.5,84.5,15.5,28,64.5
412,8,14,7,8.5,24,10.5,4.5,3,3.5,7,4.5,98.5,68.5,35.5,16.5,6,8.5,3,6,12,10,58,16,64.5,83
413,7,14,7.5,9,13.5,14.5,3.5,6,5.5,3.5,5,49.5,60,101.5,6,6.5,10.5,5,13.5,10,0,162.5,15.5,41,89.5
414,10,7.5,13.5,5.5,7,11.5,6,7,6,5.5,5,76,66,65,29.5,5.5,6.5,2,7,10.5,1,200,18.5,94.5,37.5
415,8.5,8.5,14,7.5,17,18.5,2.5,3,4.5,7.5,8,28,91.5,38,21,4,8.5,3,8,13.5,14,239.5,21,133,123.5
416,8.5,9.5,14,5,13.5,23,3,4.5,5,2,5,52,25,77.5,25.5,6.5,9.5,3.5,12.5,6.5,12,34.5,24.5,122.5,31.5
417,7,14.5,13.5,7.5,8,6.5,4,6,6,5,7.5,55,91,241,16,6,7,3,9,10.5,13,40.5,18.5,102.5,63
418,9.5,14,14,9,5,7.5,3.5,2.5,5.5,7,5.5,93.5,33,63,11,5.5,12,3.5,8.5,13,8,84,13.5,137.5,99.5
419,6,6,10,8.5,7.5,17.5,6,6,5.5,7.5,7.5,32,77,115.5,12,6.5,9,4.5,10,11,14.5,152.5,20,146,94.5
420,7,10,8.5,8,24,22.5,6.5,5.5,6,4.5,5,93.5,76.5,160,17.5,5.5,6.5,2,6.5,8,1,151,19.5,64.5,40
421,9,10.5,9.5,6.5,22.5,12,5.5,7,2.5,5.5,7.5,55,22,222,20.5,5.5,10,4,8,8.5,5,229.5,24,104,54.5
422,9,10.5,12,6.5,17.5,22,4.5,4.5,5.5,5.5,7.5,30.5,57.5,124,17,5.5,8.5,2.5,14.5,6,3.5,90,18,74.5,64
423,8.5,5.5,11,6,15,19,5,2.5,2,3.5,6,68,46.5,213,23.5,6,7,3,10.5,10,4,106.5,12,46,122
424,9.5,8,11,10,20,19,6.5,4,5,3.5,5,16,79,38,23.5,6,8,3,11.5,11.5,0,52,20.5,67.5,40.5
425,6,5,11.5,5.5,15.5,14.5,2.5,3.5,2.5,7.5,5,60.5,85,185.5,19.5,5.5,7.5,3,15,11.5,7,51.5,18,61.5,66.5
426,6.5,12,6.5,9,15,20.5,4.5,6,5.5,8,4,67.5,63,175.5,10.5,8,7,2,15,15,1.5,30,18.5,36,101
427,5,8,14.5,8.5,24,5.5,5.5,4.5,4.5,2.5,8,95,33,215.5,29.5,7,11.5,3,8.5,11.5,5,77,21.5,52.5,93.5
428,5.5,10,11.5,5.5,13.5,6.5,5.5,5,2,4.5,4,72.5,52.5,199,21,7.5,6.5,4,10.5,7,7.5,54,18.5,58,123.5
429,8,8.5,13,8,15.5,19,4.5,5.5,4,5.5,4,66,87,39,26.5,6,10.5,3,8,10,15,119,22,91.5,89
430,7.5,13,9.5,8,5,10.5,6,2.5,3.5,7.5,7.5,63.5,25.5,38,12,6.5,7,4,12.5,11,13.5,200,19.5,42.5,76.5
431,5,6,7,5,14,24.5,3.5,5.5,2,6,6,26.5,96,89.5,11,4.5,12,4,9,15,11.5,82.5,19,47.5,105
432,6,5.5,7,7.5,7,20,2,6.5,3.5,6.5,6,28,56,74,25.5,4.5,9,3.5,13.5,14.5,15,39.5,19,81,86.5
433,8,13.5,12.5,9.5,6,22,2.5,2,4,7.5,5,59,99,169,10.5,7,11.5,3.5,12.5,5.5,5.5,71,19,131.5,73
434,8,12,11,9,17.5,15,4.5,5.5,5,8,7,99,72,175,24,4.5,9.5,4.5,14.5,12.5,7.5,168.5,21,106.5,118.5
435,9,10.5,11,8,7.5,15.5,7,3.5,4.5,7.5,8,40,69,163.5,25.5,6.5,9.5,2,6.5,11,14.5,82,13,129,83.5
436,8.5,13,9,9,5,12.5,5.5,6.5,5,3.5,5.5,61,87.5,173,5,5.5,8,3.5,13.5,7.5,12.5,87.5,16.5,147.5,106
437,5,6,8,9,5.5,10.5,2.5,6,2,6,7,52,42,192,10,5,10,3,11,8.5,2,106,22,98.5,105
438,7.5,13,7.5,5.5,20,15.5,5.5,2,4.5,4.5,7.5,22,99.5,82.5,7.5,6,8.5,2.5,9,6,1,149.5,19.5,144,94.5
439,6.5,11.5,10,6.5,15,24.5,4.5,6,4,8,6,46,61.5,159.5,7.5,7.5,8.5,2.5,14,10,14.5,52,10.5,138,90.5
440,7,7,5.5,8.5,11,22.5,4.5,2.5,4.5,5,6,56.5,76,141.5,12,4.5,11,4,11.5,7.5,6,121.5,12,92.5,99
441,8.5,14.5,9,6,10.5,12,7,4.5,2,3.5,6,37.5,86.5,207.5,16,5,8,2.5,10.5,11.5,12.5,43,10.5,147,93
442,9,8,11,5,6.5,13.5,2,6,2,4.5,7,97.5,83.5,240,27,6,8.5,2,5,12.5,2.5,202.5,10.5,58.5,125.5
443,6.5,8,6.5,8.5,20.5,9.5,6.5,3,3,3,7,49,45.5,80.5,13,7.5,10.5,3.5,10,5.5,5,153.5,20,112,87
444,8.5,5.5,8,6,20.5,18,6,3.5,4.5,8,6,69.5,89,220,21.5,7.5,7,4.5,10.5,14.5,7.5,97,23.5,41,136
445,6,7,5,8.5,7.5,6.5,4,2,6,3.5,6.5,55.5,63,178,25,8,8.5,2.5,9.5,5,1,153,24.5,45.5,101.5
446,7.5,5.5,9.5,5.5,8.5,22,6,6,3,4.5,6.5,59,64.5,188.5,8.5,8,6.5,4.5,7,5.5,8,232,22.5,35.5,144
447,9,11.5,13.5,9.5,13,19.5,4,5.5,4.5,2,6,39,47,225.5,9,7.5,8.5,3.5,8.5,9.5,13.5,94.5,18.5,98,74
448,7,5.5,11,7.5,15.5,21,7,5,5,7,4.5,68,47.5,41,17,6.5,7.5,5,12,9.5,2.5,179,24,141,54.5
449,5,9,7.5,7,14.5,6.5,5,5.5,4,8,5.5,64.5,20,145.5,15.5,4,8,4.5,13.5,7.5,10,133,21.5,36,99
450,5.5,8,7.5,5.5,23.5,23.5,3,4.5,6,5,5.5,21.5,56.5,142,28.5,6.5,7,4.5,7,7,9.5,100.5,20,82,110.5
451,10,5,9.5,8,5.5,13,4,4,3.5,6.5,4.5,57.5,57,72,15,5,10.5,2,7,6.5,9,86.5,11,57,97.5
452,8,15,9.5,7,24,17,6,5.5,6,7,7,78.5,33,167,27.5,7.5,8,4.5,6.5,15,12,190.5,22,90,37.5
453,7.5,13,5,7,20,8.5,7,2,3.5,4.5,4.5,23,74,192.5,18.5,6,8,4,13,10,7.5,147,12.5,74.5,52
454,8,7.5,13.5,6,14.5,6.5,2,3,3,2.5,7,49,44.5,202,19,7.5,11,2.5,13,8,1.5,224.5,11.5,66,83
455,9.5,13.5,5.5,5.5,8,18,7,5,3,3,6,17.5,99,92.5,21,7.5,9.5,4,6.5,14.5,13,85,15.5,123,72
456,6,9.5,9,6,21,19,3.5,2.5,4,2.5,6,80.5,29.5,43,8.5,6,8.5,4,11.5,12.5,8.5,223,15,134,50.5
457,8,13.5,15,5.5,19.5,12.5,6,4.5,4,3.5,8,28,72.5,222.5,21,4,10,3.5,5,8,11.5,63.5,15,97.5,148
458,9,9,6,5,24.5,5,5,7,5,2,8,44,48,69,25,4.5,7,2.5,9,11,10.5,223,11.5,112.5,95.5
459,7,14,15,6,11.5,6.5,6.5,3,5.5,3,5.5,79.5,70,109.5,22,5.5,11,4,9.5,8.5,9,194.5,11.5,130,131
460,8.5,11.5,13.5,6.5,22,25,4,4,4,7.5,7,92,43,145.5,9,5,11.5,3,5,11,11,105,17.5,61.5,76
461,8,14.5,6,9.5,22,18,6,3,4.5,3,7,92.5,62.5,171.5,19.5,4.5,10,4.5,14.5,5.5,2,162,12,63.5,121
462,5.5,5.5,8.5,9.5,21,11,3,6.5,5.5,3,5,24,91,74.5,5,6.5,11,3,12.5,14.5,11,70,11.5,33.5,36
463,6,10,12,5.5,18.5,20,7,3.5,3.5,2.5,5,78,29.5,246.5,10.5,7.5,7.5,3,10.5,10.5,11.5,191,21.5,37,78.5
464,7.5,13.5,10,7,25,6,6.5,6.5,5.5,7.5,7.5,16,37.5,247.5,16.5,4.5,11,4,13.5,14,12.5,57,22,123.5,83.5
465,9,8,9,9.5,17.5,13,5.5,4.5,4.5,4,7,76,84.5,33.5,13.5,4.5,9,2,15,10,13,195,14.5,71.5,117.5
466,5.5,10,14,5.5,8.5,11.5,3.5,6,5.5,4,7,50.5,93.5,178.5,29,4.5,11.5,4,5,6.5,2.5,218.5,15.5,38.5,134.5
467,6.5,7,8.5,6.5,25,5.5,3,2.5,2.5,3,5,59.5,93.5,183.5,25.5,6.5,6,5,8,8,7,125.5,15,66.5,90.5
468,10,13,6.5,7.5,12.5,19,4.5,6.5,3.5,2.5,5.5,19.5,69.5,214.5,7,7.5,10.5,4,9.5,8,7,110.5,24.5,43,49
469,8,8.5,8.5,5.5,15.5,16.5,7,3,3,4.5,7,39,90.5,57.5,12.5,4,7,3,11,7.5,4.5,54.5,22.5,39,109
470,6,10.5,12.5,5,6,14,7,6,2.5,6,7.5,44,29.5,204,30,8,10.5,4,7,13,15,160,18.5,142.5,110
471,6,5.5,15,6.5,24.5,17,3.5,2,3,3.5,4.5,71.5,16,118.5,18,6,9.5,4,13.5,6.5,4,165,19.5,60.5,148
472,5.5,12.5,11,5.5,13.5,24.5,5.5,5,2.5,4.5,8,32.5,21.5,109,13.5,4.5,12,4.5,7.5,9,15,192,16,110.5,105.5
473,9,12,10,5.5,9.5,22,4.5,3.5,4,6.5,4.5,82,15.5,141,26.5,5.5,6.5,4.5,5.5,8.5,11,191,16,60.5,94
474,7,9,14.5,5,24,14.5,4,5.5,3,5.5,6,54.5,42,166.5,14.5,6,6.5,5,11.5,9,5.5,128,20,134,126
475,8,15,9.5,9.5,12.5,19.5,2,5.5,4,7.5,6.5,89.5,52.5,25.5,18,5.5,6.5,4,8,9,11.5,109.5,19,92.5,59
476,10,7,10,9.5,12.5,9.5,4.5,4.5,4,4.5,5,87,41.5,97.5,9.5,4.5,6.5,2.5,13,12.5,10.5,145.5,17,57,127.5
477,6,5.5,12,7,13,11,6,3.5,3.5,4,6.5,46,99,119,11,8,10.5,4.5,12,7.5,10,110,22.5,107,65.5
478,9.5,13.5,7,9,12,8,2.5,6,2.5,6.5,7,29,21,165,28,5.5,10,4,11,9.5,9,93,12,45,99.5
479,7.5,11.5,7.5,7.5,11.5,12.5,5.5,3,4,4.5,4,42,49.5,179,20,8,8.5,4,6.5,5,6.5,84.5,14.5,118.5,31.5
480,8.5,10,10,8.5,21,14.5,6,5.5,3,2.5,6.5,66,24,108,19,7,8,3,5.5,9,6,205,21,144,36
481,7,12,14.5,9.5,19.5,7,5,6.5,4,3,7.5,29,84,62,17,7.5,6.5,3,13,12,5,84,10,56.5,82
482,7.5,5.5,11.5,8,13.5,15,2.5,7,3,4.5,7,99.5,98.5,70.5,22.5,5.5,7,2.5,5.5,8.5,6,38,13.5,96,55.5
483,8,9,7.5,9.5,24,14,7,3.5,3,6.5,5,27.5,65,68.5,9.5,7,8,2.5,10,13.5,9.5,38.5,18.5,140,62
484,9,14.5,9,5.5,14.5,17,5,7,5.5,5.5,6,83.5,57.5,200.5,25.5,7.5,9,4,5.5,11.5,0.5,130,15.5,97,127
485,6.5,6.5,7.5,6.5,24,18.5,3,5,4,4,5.5,77,16.5,151.5,25.5,5.5,10,3,8.5,6,14.5,176,24.5,114,83
486,6,6,5.5,10,15,21,3.5,3,6,3.5,5.5,25.5,54,39,10,7.5,10.5,4,5,11,12,185.5,24,29,66
487,9.5,5.5,10,8.5,13,17,3,3,3,4,5.5,83.5,45.5,36.5,27,4,6.5,3,9.5,8,0,33,22,54,143.5
488,7.5,10,12.5,9.5,17.5,10.5,2.5,6.5,5.5,5,7,59.5,41,224,8,6.5,8.5,5,6.5,8.5,14,190.5,13,46.5,108
489,9.5,5.5,6.5,9,21.5,9.5,4,3.5,4,4.5,4.5,74.5,88,136.5,25,4.5,10.5,3,14,13.5,8,144.5,17.5,82,116
490,10,15,9.5,9,15,19,3,4,4.5,5.5,8,21.5,16.5,221.5,29.5,7.5,10.5,5,6.5,12.5,11,83.5,20.5,110.5,51
491,7.5,10.5,15,6,9,12,6,4,2.5,7,6.5,84,63.5,69.5,26.5,4.5,8.5,2.5,7.5,13.5,7,214.5,20,74.5,122.5
492,10,13.5,9.5,6,17.5,18.5,2,3,4,2.5,5.5,75,41,67.5,28,7,8.5,3.5,9,7.5,12.5,204.5,24.5,48.5,45
493,9,5.5,8,8.5,8.5,20,6,4.5,4.5,4.5,5,20,17,131.5,17.5,7,11.5,4,14,10.5,6.5,105.5,13.5,73.5,80.5
494,8.5,14.5,6.5,6.5,19.5,8.5,5,2.5,3,6.5,7,28.5,17.5,72,19.5,7.5,9,3,11,14,13.5,146.5,17,27,98.5
495,7,8,13,7,7,8,6.5,3,2,3,4.5,86,92.5,59,11,7,9.5,4,7.5,5.5,14,110.5,19,110,148
496,6,9,9,8.5,21.5,25,5.5,7,5.5,5.5,7,94,37.5,46,6.5,4.5,7.5,2,6.5,11,9.5,221,17.5,41,131.5
497,6,10.5,9,6,10,18.5,2.5,4,5.5,4.5,6.5,29,22.5,201,17.5,5.5,7,2.5,14.5,9.5,13.5,71.5,12,84.5,90.5
498,6.5,7,15,7.5,7,20,6.5,2.5,5.5,3,6,66.5,78.5,61,27,5,10.5,4.5,8,6.5,4,40,22,59,93.5
499,6,10.5,7.5,8,12.5,17,6.5,3.5,2,5,8,63,49.5,62,14,6,7,2,9,10,14.5,163.5,18.5,120,81.5
500,8.5,9.5,10.5,8.5,10.5,23,5,2.5,3,2.5,5,76,20.5,151,27,4.5,8.5,3.5,8.5,10.5,12.5,104.5,21.5,122.5,63.5
501,6.5,6.5,13,6.5,21.5,6,6.5,3,2.5,7.5,5,99,98.5,220.5,6.5,4.5,7.5,3,7.5,9.5,8,119,12.5,140.5,114
502,7,6,13.5,5.5,19,11,6,4,3,3,5.5,52.5,94,57,5.5,5,9,3,12,7,13.5,41,14.5,35,66
503,5.5,6.5,10.5,8,17.5,24.5,4.5,6.5,5.5,6,4.5,33,88.5,46,28.5,4,9,5,15,10,7.5,114.5,16.5,123,139.5
504,6,12.5,14,6,13.5,21.5,4.5,6,4.5,6,5.5,34,59.5,40,19.5,6.5,8,4,14,11.5,3.5,150.5,24.5,61,71.5
505,6,6,15,5,22.5,20.5,6.5,4,4,3,5.5,91,40.5,155.5,15.5,5.5,7.5,3.5,6,9,5,229,23,35,61.5
506,7,9.5,8.5,10,5.5,10,5,5,2.5,6,6,76,15.5,122.5,11.5,5.5,8,2,14,14.5,1,163.5,14,64,91.5
507,7.5,13,5,6.5,10,24,7,6,3.5,2.5,4.5,62,81.5,169,13.5,6.5,10.5,2.5,10,12,7,234.5,17,27,141.5
508,10,10,13.5,6,12,12.5,5,4,4.5,5,7,42.5,24.5,64,18.5,6,9.5,2.5,9.5,11.5,12.5,205,17.5,49.5,40
509,7,6.5,8.5,7,17,23,2,2.5,5.5,2.5,5.5,87,25,61,5,7.5,6.5,3,9,8,10,38,14.5,57.5,78.5
510,5,13,8.5,7,14.5,22.5,4,4,3.5,5.5,5,64,68,51.5,12,5,6,3,11.5,12,8.5,241,13,33,27.5
511,7.5,15,8.5,6,12,9,5.5,6,3.5,7.5,7.5,52.5,55.5,218.5,20,4.5,10.5,4.5,6,13,9.5,125,24,94.5,121.5
512,8.5,12.5,6.5,6.5,16,20.5,6.5,4.5,2,6,8,66.5,96,237.5,10.5,5.5,10,3.5,8.5,8,6.5,154,23,99.5,142.5
513,7.5,8,7.5,6.5,8,6.5,6,5,5,3,7.5,16,35.5,223.5,8.5,4.5,10.5,2,10.5,7,10,96,16,35.5,120
514,6,8.5,13,8.5,9,22.5,3.5,4,5.5,3,6.5,40.5,27,56.5,19,6.5,7.5,4.5,14.5,12.5,6.5,35,14,59.5,140
515,9.5,5,14.5,5,7,24,3,2.5,4,3.5,6,98.5,29,118.5,19.5,4.5,6,2,12.5,14.5,1,239,21,121.5,108
516,6,13,9,6.5,21,16.5,4,3,3.5,3,6.5,36.5,94,179.5,7.5,7.5,8.5,3,11.5,7.5,13.5,222.5,14.5,125,120
517,6.5,8,14.5,8,21.5,11,4.5,4,5.5,7,7,60.5,28,246,11,5.5,9.5,3.5,10,10,13.5,236.5,14,53.5,28.5
518,5.5,11,11,9.5,22,13.5,4.5,5.5,3.5,4,5,46,41,141.5,23,4,6.5,3.5,6,11,14,87.5,24,85.5,98
519,7,12,5.5,8,10,22.5,6,5.5,4.5,2,4.5,23.5,69,116.5,28.5,6,10,2,11.5,8,8.5,240.5,21,47,112.5
520,6.5,8,12,9.5,21,10.5,6.5,3,4.5,7,5,86,26.5,199,12.5,4.5,9.5,2.5,11,5.5,15,238,20,143,132.5
521,9.5,9.5,11.5,9.5,5.5,8.5,3.5,6.5,2,4,8,70.5,53.5,58,15,5,9.5,3,9,10.5,8.5,227.5,22.5,56,114.5
522,9.5,13.5,7,8.5,15.5,9.5,2.5,5,2,2.5,7.5,74.5,69,237,27.5,5.5,6.5,4.5,6,5.5,14,45,13,46,95
523,7,6.5,12,6,12,9.5,5.5,3,3,2.5,4.5,43,73.5,76,20,7.5,11.5,4,13,6.5,9.5,166.5,15,122,100.5
524,7.5,9,10.5,5.5,6,23,4.5,6.5,5,3,5,43,26.5,180,27.5,7.5,11,3,11,6,11.5,203,17.5,49,106
525,8.5,8,8,8.5,6,9.5,4,3.5,5.5,3.5,5.5,25.5,48.5,203,14,4.5,11,3,7,9,1,35.5,17,65.5,29
526,9.5,14,5.5,5.5,8,14,6,6,5,3.5,5.5,93.5,30,110.5,6.5,7.5,9.5,4.5,13.5,6.5,5.5,249.5,17,28,67.5
527,5.5,11,10.5,8.5,6.5,13,6,6,4.5,7,5.5,27,93,101.5,27,6.5,10.5,4,15,13,11,201.5,11,29.5,132.5
528,9.5,9,6,6.5,18.5,13.5,2.5,2,2,5.5,5,86,63.5,55,24,6.5,11.5,4.5,5.5,14,15,78.5,21.5,74,115
529,7.5,14,12.5,6,21.5,5.5,6,6,2,5.5,4,94.5,67,141.5,8.5,4.5,12,4.5,12.5,10,6.5,110.5,20,97,96
530,5,10,5.5,6.5,12,19,7,3,3.5,6,8,48,77.5,61.5,9,7.5,9.5,3.5,7,11.5,6.5,233,23,79.5,53.5
531,6.5,5.5,9.5,5.5,25,12.5,6.5,6.5,4,3.5,5,60.5,66,205,7.5,7.5,10,3.5,9,14.5,1.5,137.5,15.5,150,61.5
532,8,9,13,5,7,10,7,5,6,2.5,5,92.5,98,25,11,6,12,3,13.5,8,9.5,135.5,22.5,75.5,42.5
533,9.5,9,6,7,10.5,24.5,4,5.5,5.5,6,7.5,48,50.5,200,26.5,6,8,3,15,9,3,145.5,13.5,85.5,108.5
534,10,6.5,6.5,7.5,6.5,13.5,3.5,5,3,7.5,7,90.5,81.5,209.5,16,7,8,5,11.5,14.5,13.5,127.5,19,107.5,72
535,6,12.5,15,6.5,6.5,16.5,6,5,3,7,7.5,70.5,85,44.5,27.5,7.5,8,2.5,8,12.5,3,93,23,133.5,48
536,6,12.5,6.5,6.5,22.5,12.5,5,3.5,5,2.5,5.5,42,78,133,24.5,7.5,11.5,4.5,7.5,6,8.5,149,12,101,76.5
537,5.5,13.5,12.5,5,15,16,6.5,2,3,6.5,5,62.5,77.5,183.5,11.5,5.5,8.5,3,6,12.5,7,230,17,28.5,35
538,9,7.5,9,6.5,12.5,15.5,4,3.5,2,4.5,6.5,50,88.5,103,9.5,5,8.5,4,11,8.5,10,92.5,21.5,31.5,143.5
539,6,9,11,9.5,11,17,2.5,3.5,3.5,5,7,94,87,169,9,5,11.5,2.5,14,14,8.5,108,13,83.5,100.5
540,7.5,14.5,9.5,7,17.5,18.5,2.5,6.5,4,7.5,8,17.5,43.5,123.5,17.5,7.5,6.5,4.5,14.5,10.5,14.5,212,10.5,127.5,31.5
541,5.5,13.5,7,5.5,13.5,17,7,4.5,6,8,5,68.5,33,76,9.5,4.5,9.5,4,9.5,6,0.5,93.5,20.5,55.5,67
542,6,7,9,5.5,18.5,15.5,6.5,3,5.5,4.5,5,33,78.5,110,28,4,9,2.5,12.5,7,13,66.5,19,66,133.5
543,7.5,6.5,5.5,7,24.5,21,3.5,2.5,4.5,3,5.5,57,29.5,98,18.5,5,7.5,5,6,9.5,7,179,22.5,94,113
544,7.5,13.5,14.5,6.5,17,6.5,4,3.5,3,4.5,5,98.5,68.5,118.5,24,6,9,4.5,12.5,8,14,48.5,18,57.5,88.5
545,6,9,14,9.5,18.5,24,5,4,5,5.5,6.5,40.5,65.5,179,13,7.5,8,3.5,11.5,13,12.5,165,21,26.5,102
546,6.5,8.5,6.5,9.5,7.5,19,5.5,7,6,3,5.5,98.5,31,36,18.5,4,6,2.5,13,14,9,124,23,34.5,108.5
547,9,12.5,10,9,22,8,2.5,6,2,7,5,83,67.5,185,16,7,11,4,5,8,4.5,187,14,145,94.5
548,9.5,14.5,8,7.5,11.5,13,5,2.5,4.5,3.5,7.5,79,25,27.5,6.5,7.5,10.5,4.5,12.5,7,13.5,51,12,113.5,143.5
549,9.5,9,14.5,9.5,14.5,16.5,5,5.5,4,5.5,4.5,58,91.5,239.5,13,4,10.5,5,11,12.5,4.5,202.5,15.5,45.5,129.5
550,8.5,6,5.5,9,14,18.5,3,3.5,3.5,4,5,70,60.5,216.5,18,6.5,6,3,8,11,0.5,205.5,17,136.5,145
551,5,5.5,13,8.5,17.5,6,6.5,2.5,3,4.5,7.5,72,32,180.5,25,6,12,3,8,14.5,2,84,11,35,116.5
552,10,15,13.5,8,14.5,20,5.5,5.5,5.5,8,5,49.5,42,117.5,10.5,4,10,3,12,9.5,11,71.5,14.5,109.5,34.5
553,10,11.5,9.5,7.5,5.5,11.5,4.5,5,6,7.5,5.5,71,23.5,112,26,6.5,10.5,2.5,9,5.5,9.5,226.5,19,107.5,57.5
554,9,8.5,6.5,6.5,7.5,10,4.5,2.5,5.5,4.5,7.5,21,63.5,162,17.5,7.5,8.5,4.5,11,12,6,156.5,19,114.5,57
555,7,11,13,8,19,22,5,3.5,2.5,7,4,66,17.5,73.5,11.5,5.5,9.5,4,14,12.5,8.5,34,18.5,74,67.5
556,9,7.5,10.5,8.5,21,8,3.5,6,4,3,5,73,18,93.5,20.5,6.5,8,5,12,6,1,231,22,144.5,89
557,10,12,11,6,5.5,10.5,6,6,3,4,4,83,69,100.5,18,7,8,4,13.5,6,9.5,196.5,13,34,105
558,9,13,10.5,6,8,10.5,4.5,4,2.5,7,5.5,80,87.5,184,5.5,6.5,7,4,9,13.5,1,191.5,21.5,50,127.5
559,10,8.5,11.5,9,18,10,2,3.5,2.5,2.5,6.5,97,59.5,167.5,19.5,7,6,4,13.5,7.5,9.5,84.5,15,146.5,121
560,8.5,14.5,13,9,7.5,12,2,4.5,3,5.5,5,35.5,95,93.5,17,4,10.5,3.5,8,6,2,119.5,21,144,88
561,5,7.5,11,8.5,8.5,11.5,4.5,4,5,5,6,75.5,46,150.5,24.5,7.5,10,3,13.5,13.5,10,247,20,52,47.5
562,10,8.5,12.5,8,8,17,4,2.5,6,6,4.5,51,45.5,140,15.5,7.5,7.5,5,13.5,10.5,5,39,11,122.5,112
563,5.5,14.5,14,5.5,18,14,2.5,6.5,6,7.5,7.5,15,55,49.5,24.5,7.5,8.5,2.5,10,6,12.5,177.5,20.5,64,27
564,10,8,7.5,8,10,23.5,2,6.5,3.5,2,7,61,23.5,154,12,4.5,9,2,8.5,7,5,247.5,10.5,93,137.5
565,8,10.5,8.5,8.5,24,22.5,4,4,4.5,4,5.5,77.5,49.5,124.5,23,4.5,9,2,7.5,5,9,139.5,15.5,77,53.5
566,7.5,9.5,5,8,6,11,6,5,2.5,6,4.5,81.5,66.5,239,11.5,7,10,4,11.5,7,14.5,213,16.5,88,47
567,5.5,14,14.5,8,7.5,7,4,3,3,8,4.5,74,77,240.5,30,7.5,10.5,3,10.5,11.5,2.5,50,21.5,66,94.5
568,5.5,6,13.5,8,6,16,2.5,3.5,4.5,4,5,54.5,86,144,28.5,4.5,8.5,3.5,6.5,5.5,6,69,12.5,132,66.5
569,10,14.5,11,8,14.5,8,6,5.5,5,3,6.5,45,84.5,242,8,6.5,6.5,2,12,6.5,9,106,13,43.5,85
570,6.5,6,14.5,5.5,6.5,17,2.5,5,3.5,7.5,7,30.5,23.5,162,23.5,7,7.5,2,7,8.5,12,246.5,10.5,75.5,65.5
571,5.5,13.5,7.5,8.5,5.5,8.5,2.5,6.5,2.5,6,7,63,82,91.5,7,7.5,9.5,4.5,14.5,14.5,3,236.5,13,116,49
572,5.5,6,10.5,6.5,22,7,5.5,6,3,8,5.5,78,48.5,191,19,7.5,11.5,5,12.5,8.5,3.5,101,19,75.5,74
573,8.5,14.5,6.5,8,5.5,6,5,4,2.5,4,7,94.5,65.5,169.5,29.5,7,7.5,4,14,6.5,9.5,29.5,18.5,119,72
574,5,7,11,9.5,22,12,2.5,2,5.5,5,4.5,37,99,123.5,21,5,7,4,12.5,5,0,163,12,70.5,93.5
575,10,13,5,9.5,7.5,20.5,5,4.5,4.5,3,8,71,88.5,198.5,14,7.5,12,2.5,7.5,10.5,14.5,241,24.5,38.5,41.5
576,7.5,14.5,13.5,5.5,5.5,21,5,2,3,7,6,21,18,237.5,29,6,11.5,3.5,13,11.5,14,233.5,21.5,30.5,137
577,6,12.5,7,8.5,7.5,15.5,3,2.5,3.5,3.5,4,21.5,34,220.5,29.5,5,8.5,2.5,7,7.5,2,50.5,24.5,68,127
578,5,9,15,7.5,7.5,22,2.5,6.5,2,3.5,7,88.5,63,242,18.5,7.5,8.5,4,12.5,9.5,14,224,10.5,112,61.5
579,8,6.5,13.5,7.5,21.5,11,2.5,2.5,3.5,7,5,44,83,189.5,6,7.5,9,4.5,8,11.5,9,218,15.5,33,70
580,5.5,13.5,11,6,6.5,24,3,4,5.5,5.5,5.5,96,81.5,167.5,13.5,6,8.5,2.5,14,8,5.5,171.5,20,145,123
581,8.5,7,11.5,5,7.5,21.5,6.5,6.5,3,2,5.5,68.5,37.5,187.5,10,4,7,3,12.5,12,5,50.5,22,39,83
582,5.5,10,13,8,15,11.5,5,5,2.5,4.5,5.5,46.5,62.5,193,14.5,7.5,10.5,4,10,8,14.5,34,15.5,122,132.5
583,8.5,7,5.5,9.5,15.5,15,2.5,2,4,2,4,94,68.5,77,8,4.5,11.5,4,13.5,9.5,14,60.5,11,96,31.5
584,9.5,11.5,8.5,7.5,14,13.5,6.5,6.5,4.5,7,4,70.5,82.5,178,19.5,5.5,11.5,2.5,8.5,6.5,12,165,13,65,125
585,7.5,6,14,9.5,10,21,7,2,3,6.5,4,70,49.5,58.5,15.5,6,8.5,2.5,10,13.5,4.5,113.5,23,71.5,76.5
586,7.5,13,6,9,9,5.5,2.5,5,2,2,7.5,95,44,250,8,5,9.5,3.5,12.5,5.5,1.5,150,23,101,94.5
587,8.5,6,5.5,7,9.5,17.5,5.5,6.5,5.5,2.5,8,16,42,112.5,28.5,5.5,11,4.5,13,7.5,4,38,22,59.5,117
588,6.5,9,12,6.5,12.5,7.5,3.5,6,2.5,5.5,6.5,53.5,83.5,222.5,17,5,7,4,9,14.5,4,153,22.5,121,35.5
589,6.5,12.5,6,7.5,7,24,7,4,4.5,2,7.5,50.5,97.5,41.5,28,6.5,7,4.5,10.5,11.5,7,159.5,11.5,42.5,128.5
590,7.5,9.5,12,8.5,11.5,21.5,4.5,5,3,6.5,6.5,66.5,64.5,107.5,29.5,5,8,2,13.5,13,5,152,15,31.5,135.5
591,9.5,8,11,5.5,13.5,18.5,3.5,3,6,7,4.5,96.5,68.5,136,23,6,9.5,2.5,10.5,10,2.5,121,17.5,84,66
592,6,8,14.5,9,9.5,22,6.5,7,4,6.5,6.5,22.5,20.5,31.5,20.5,8,11,2.5,6.5,13.5,4.5,33,19.5,80.5,91.5
593,9,5.5,6,5,21.5,10,6,5.5,5,4.5,4.5,51,58.5,233,26,7,10.5,2,11,14.5,1,152,12,67,134
594,5.5,13,10,6.5,21,11.5,4.5,6,5.5,5.5,6.5,73.5,35.5,64,20.5,7.5,10.5,4.5,10.5,13.5,12.5,92.5,13.5,77.5,144
595,10,6,10,9.5,22,23,6,3,3,5.5,5.5,31.5,40,130.5,7.5,4,11.5,5,8,9.5,1.5,99,23,109,138.5
596,6,12,12,10,16.5,9,3.5,2,4.5,3.5,4,29,65,242,15,6,7,2,10,5,0,135.5,22,127.5,61
597,8,12.5,8.5,8.5,9.5,20.5,3,3.5,2.5,3.5,8,23.5,15,105.5,28,5.5,9,2.5,7,15,0.5,217.5,11.5,128.5,140.5
598,7,9,10.5,5,18,8,5,6.5,3,6,4,59.5,35.5,193,25,5.5,12,5,12.5,7.5,4,30.5,23,56,126
599,7,11,12,6,14.5,9,5,5.5,4,5,4.5,26,61,62,15.5,6.5,6,4,12,12,12.5,152,24,27,100
600,6,6.5,8.5,9,15,23.5,3,3,4,4.5,6.5,31.5,43.5,240,5.5,5,9,2.5,13.5,9.5,1.5,244,22,45,144.5
601,9.5,6,14.5,9.5,6.5,17,3.5,5,4.5,3.5,5.5,49.5,77,150.5,23.5,7,12,5,6,12,3,150,15.5,149,114.5
602,6.5,12,6.5,8,13,12,5,6.5,2.5,6,5,16.5,78,58,16,6.5,8,3,14.5,5,2,212.5,11.5,149.5,113
603,9,12,9,5.5,6,16,6,5,3,6,7,84.5,56,245.5,11,7.5,8,3.5,5.5,9,6.5,204,23,89,95
604,5.5,12.5,12,9,22,14.5,5.5,6.5,2.5,3,5.5,92.5,16,224.5,11,5.5,9.5,2,13,7.5,6,246,21,115.5,136.5
605,9.5,12.5,6,9.5,11,14,3,5,4,7,5.5,93.5,17,129,24,6,7.5,4,6.5,13.5,13,235,20.5,58,73.5
606,10,9.5,6,7,23,11.5,6,6.5,4.5,7.5,4.5,83.5,56,131,28,5.5,8,4.5,12.5,11.5,15,237,22,75.5,91
607,7,6,14.5,8,15,18.5,3.5,4,2.5,3,4.5,95,76.5,205.5,25.5,6.5,9.5,5,14,14.5,2.5,129.5,19,29.5,136
608,5.5,9.5,12,6.5,13.5,12.5,4,3.5,3,4.5,6,29.5,37,59.5,28.5,6,7.5,3,11,5.5,9,120.5,13,149,124
609,8.5,6,13.5,7,9,21,4,5,4,6,6,17,23.5,188,13.5,7.5,6.5,4,5.5,12.5,15,149,15.5,78,76
610,10,15,10.5,5,7,20,5.5,2.5,5,8,7.5,47.5,96,204,8.5,7.5,6.5,2,9.5,12.5,5,65,16,65.5,85.5
611,8,6,13.5,7.5,24.5,24,7,4,3.5,8,8,63.5,39,188.5,8.5,7,12,4.5,8.5,13,8.5,223,19,66.5,147
612,9,9.5,10.5,6.5,20,24.5,5.5,3.5,3,7,4.5,54.5,52.5,158.5,15,5.5,11.5,3.5,7,6.5,5.5,91,13,137.5,116.5
613,7.5,11,12.5,8,5.5,21.5,2.5,5,2.5,3,6.5,58.5,93.5,27.5,7.5,7,11.5,4.5,8.5,7.5,1.5,67.5,21.5,63.5,114
614,5.5,11,6,8.5,7,12.5,6.5,3,3.5,6.5,8,56.5,42,149,28,5.5,6,3.5,8,8.5,10,129,13.5,119.5,120.5
615,6.5,11.5,13,7.5,14,15,2.5,2.5,3,3.5,7,89,32,136,6.5,4,9,5,12,11,9.5,73.5,20.5,89,78.5
616,7,8.5,10,7,5.5,21,6.5,6.5,5,3.5,4,59.5,65,144,26.5,6.5,6.5,3.5,6,14.5,5.5,89.5,15,48,117.5
617,6.5,9.5,12,5.5,24.5,20,5.5,5,4,3.5,6.5,40,96.5,28.5,9,4.5,6.5,2.5,11.5,6,4.5,152,21,75.5,90
618,8.5,12.5,12,7.5,6,21,3,4.5,5,2.5,6.5,58,31.5,69,29,6,11,4.5,9.5,6.5,4.5,66.5,15,119,59
619,7.5,10,13,6.5,5,5.5,3.5,3,6,6.5,5.5,70,42,105,27.5,6,11,3,15,8.5,9,231.5,19,77,38
620,5.5,8.5,6.5,6,21,5,3,6.5,4.5,5,5.5,50,38,53.5,28.5,8,8.5,2,11.5,7.5,6,62,18.5,51.5,79
621,9,7,11.5,8,22.5,14,3.5,4.5,5,7.5,6.5,30,95,227.5,6,5.5,7,2,13.5,14,11,124.5,21,55,81
622,8.5,13,10.5,8.5,8.5,25,2.5,5.5,5.5,2.5,4.5,26.5,59,198.5,24,6,9,5,11,9.5,10.5,47.5,24,122.5,34
623,9.5,6.5,5.5,6.5,12,12,5.5,5,3,5.5,8,93,96.5,83,12.5,5.5,9.5,2.5,13,10.5,1,124.5,16.5,107,43
624,9,6.5,13.5,9.5,22.5,24.5,3.5,6,4.5,4,6,52.5,23.5,101.5,7,5.5,10.5,4,14.5,13.5,6,178.5,12.5,44.5,141
625,7,11,13,9,10.5,12,3,3,4.5,7,5.5,30,52,209.5,29.5,6.5,11.5,2.5,14,7.5,4.5,236.5,24,116,40.5
626,7.5,9,12.5,5,6,23.5,5.5,3,5,7,6,59.5,91,99,17.5,7,11.5,3,11.5,14,11,53.5,16,61.5,89.5
627,8,11.5,9.5,5,23.5,19.5,5,5.5,4.5,3,7.5,54.5,47,160.5,21,5.5,11.5,2.5,7.5,7.5,0.5,68.5,12.5,39.5,90
628,5.5,9,5.5,5.5,13.5,10.5,2.5,5.5,2,6.5,5.5,78,69,183,8,7,10,5,13,9,9.5,34.5,22.5,81,71
629,9.5,15,12,10,17,15.5,4.5,6.5,4,7.5,8,60.5,70,88,23,4.5,6.5,4.5,14,12.5,9,165.5,13,52,72
630,7.5,7,13,6,11,23.5,6.5,3.5,2.5,8,7.5,35,55.5,134,25,4,9.5,2,13,6,3.5,66.5,17,81.5,73
631,7.5,13,8,8,8.5,18,6.5,2.5,2.5,4,7,61.5,50.5,166.5,27.5,5.5,11.5,4.5,8,13.5,9,84.5,21.5,26.5,90.5
632,9.5,14,10.5,8,23,9.5,6,2.5,5,7,4.5,99,61,171.5,6,8,9.5,3.5,9.5,6.5,3.5,69.5,13.5,131,55
633,6.5,8,14.5,7.5,16,24,5.5,5.5,5,3.5,7.5,89.5,94,81,19.5,5.5,11.5,3.5,8.5,6.5,9,154.5,12,113.5,33
634,8.5,5,9,7.5,17.5,19,3.5,6,6,7,6.5,28.5,89,194.5,29.5,7.5,10,4,6.5,9,12,63.5,20.5,132,115.5
635,7,8,7.5,6.5,22,9.5,6.5,3,4.5,6.5,7,25.5,82,189,18.5,5,7.5,2,10,5.5,9.5,184,13.5,105.5,89.5
636,6,9,6,9,14.5,9,6,4,2,7,7,33.5,75,247.5,5,5.5,10,4,7,11,9,71.5,14,115.5,123
637,6.5,7.5,10.5,6.5,18.5,17,2.5,5,5,4.5,4,59.5,26,84.5,26.5,7.5,8.5,4,12.5,8,7,204.5,18.5,25,141.5
638,6.5,9,6,5.5,23.5,12,2.5,6,4,7,7.5,46.5,40,56,7.5,4,9,5,11,5.5,5.5,219,24.5,115,121
639,6,12.5,6,8,7,11,6,4,3,4,5.5,77,91.5,64,12.5,5,11,4,12.5,12.5,9,89,16,113.5,71
640,6.5,9,6.5,10,9.5,13,6,5.5,4,3.5,6,32,79,187,26,5.5,7.5,3.5,14,7.5,10,247,21,31,77
641,6,7.5,8.5,6,10,11.5,3.5,4,2.5,6,7.5,95.5,23.5,115,14,5.5,11,4.5,8,11,2,36.5,24,102.5,110
642,6,10.5,14.5,6.5,16.5,8.5,4.5,4,2.5,7.5,8,92,62.5,216,27.5,5,6.5,4.5,6.5,11,3.5,150.5,17,107,56.5
643,5.5,14,7,8,14.5,7,4,7,3,5.5,7,52,64,75.5,19.5,5,6,2,9,13,6,196.5,25,110,146
644,8,13.5,13,9.5,8.5,5.5,3.5,6,3,2.5,7,98.5,21.5,68.5,5.5,5,9,4,14,9.5,5,51.5,12,138.5,82.5
645,8.5,13.5,14.5,9,23.5,15,5.5,5.5,3.5,2,7.5,99.5,81.5,80.5,21,7.5,10.5,3.5,7,6.5,10,200.5,16.5,81,111
646,5,7.5,11,7,10,22,3.5,6.5,4.5,7.5,6,27,83,232.5,19,7,7,3,13.5,8.5,8,131,16,64.5,97.5
647,6,14,9,9,22,14,3,5.5,2.5,2.5,7.5,71.5,16.5,141.5,18,5,9,4.5,9.5,13.5,1,76.5,24.5,79.5,105
648,8.5,15,8.5,7.5,10,19.5,6.5,4.5,6,3.5,5,89.5,67.5,111.5,7,6.5,7.5,3.5,12,5.5,1,40.5,11.5,69.5,100
649,5.5,10,15,7,18.5,8,3.5,2,3.5,5.5,6.5,91.5,62,213.5,5.5,4.5,10.5,5,7,11,0,82.5,18,51.5,57.5
650,5.5,12,6,9,8,16,3,6,5,4.5,7.5,75.5,21.5,191,10.5,4,11,4.5,12.5,7.5,5,57,17,127.5,77.5
651,6.5,6.5,10,9,21.5,6,7,5,5,3,4.5,23,25,86.5,8.5,6,7,3,15,14.5,7.5,126.5,23.5,85,107.5
652,9.5,5.5,9.5,8,11,6.5,5,3.5,2,3.5,4.5,58.5,87.5,34.5,14,6,7.5,4.5,11.5,9,12.5,199.5,16,73.5,61.5
653,8,12,9.5,5,7.5,9.5,5,3.5,5.5,6.5,4.5,54,32,99.5,16.5,7.5,10.5,4.5,13,9,2.5,213,22,143,81
654,8,8.5,6.5,7,20.5,17.5,4,4.5,5.5,3,4.5,29,89,157.5,29.5,5,12,3.5,11,11,2.5,104,10,44,75.5
655,5,13,15,7.5,6.5,6,5,2.5,5,3.5,6,50.5,82.5,176.5,19.5,5,10,4,10,8,7,229,12,136,94
656,9,6.5,14,5,15,11.5,3.5,2.5,2.5,3.5,7,56.5,45,235,15.5,7,8.5,3.5,13,8.5,8.5,219.5,22.5,32.5,114
657,7.5,9,13,6,7.5,14.5,7,2.5,2,6.5,5.5,46,38.5,80,29,6.5,8,4.5,11.5,9.5,1.5,82,20.5,110.5,82.5
658,5,14.5,11.5,8,20.5,17,6,5,5.5,4.5,5,72.5,75.5,196.5,11,5,9.5,2.5,13.5,9,10.5,96.5,15,77.5,86
659,9.5,7.5,10,6,12,22,3,2.5,2.5,4.5,6.5,97,61,158.5,7.5,6,7,3,9.5,8.5,5.5,65,19.5,65.5,117.5
660,9.5,9,11.5,5.5,16,8.5,2.5,4,6,7,6,31.5,78,239,20,5.5,9.5,3.5,14,13,10,34,18,44,122.5
661,7,8.5,14,7.5,8,10.5,5.5,5.5,6,4,6.5,20.5,82,246,12.5,5.5,10,5,7,9.5,13.5,34,16,85.5,125.5
662,7,8.5,10.5,8,18,9.5,4.5,4.5,6,7,6.5,87.5,26.5,111.5,11.5,7,6,4.5,14.5,13.5,11.5,109,14,95,52.5
663,7,9.5,7.5,9.5,8,16,6,2.5,5.5,4,6,24.5,94.5,236,29.5,6,6.5,3.5,5,14,3.5,46,17.5,38.5,143
664,7.5,6.5,8.5,6,16.5,11,2.5,7,5.5,2.5,8,18.5,62.5,143,17.5,4.5,6,4,14,10.5,13,184.5,19.5,111,37.5
665,6.5,8.5,12,6.5,22,23,6.5,5.5,2.5,4.5,6,25.5,39.5,171,5,4.5,11.5,4.5,13,7,5.5,236.5,24,54.5,124
666,6,14.5,11,8,9.5,21,2.5,2.5,5,7.5,7,52,35,239.5,28.5,8,7.5,5,12,11,5.5,203.5,10,32,34.5
667,6,11,14,6,18,15,5,3,3.5,3.5,8,50,36,230.5,7,5.5,7.5,2.5,9,8,0,167.5,20,83.5,72.5
668,8,8.5,9,6,7.5,8.5,6,5.5,5,8,7.5,40,70,219,25,4.5,6,3.5,13.5,5,8.5,243,23.5,143.5,106
669,6.5,10,10.5,5.5,20,6,4,2.5,3,6,6,45.5,97,179,18.5,4,10.5,3.5,13,7.5,11.5,189.5,10.5,41,62
670,6.5,10,14.5,5.5,6,24.5,5,3,4.5,5.5,7,42.5,35,44.5,11,5,8,4,14.5,7.5,14,164.5,23,30.5,55.5
671,5.5,11,14.5,9,14.5,8.5,2.5,5,3.5,4,5,61.5,56.5,31.5,8.5,7,11.5,4,8,14.5,2,81,14,113.5,26
672,7.5,10,10.5,6,21.5,5.5,3,2.5,5.5,3.5,7,17.5,36,91.5,6,6,11,3,10.5,11,7.5,43.5,24.5,87,111.5
673,6,5,12,8,16.5,15,4,2.5,5,8,7,88,84.5,73.5,16,6.5,11.5,4,5.5,12,0.5,163,15.5,138.5,125
674,8.5,8.5,15,8.5,15,19,5.5,7,2.5,4,6,50,26.5,163,8,4,7.5,5,11,8.5,11.5,125,13,38.5,131.5
675,6,13,9,8.5,9,10.5,5,3,2.5,7.5,8,25,30,144,7.5,5,6.5,2.5,10.5,5.5,2,35.5,18.5,119.5,141
676,8.5,11.5,5.5,9.5,22,18,3.5,6.5,5.5,6,7.5,50,32,162,18,4,12,2.5,7.5,12,4,154,20,117.5,52
677,9.5,15,10,10,10.5,15,2.5,6,4.5,4,6,32.5,74,226.5,6.5,7.5,10.5,4,7,11,5,117,19.5,85.5,44.5
678,7,5.5,8.5,5.5,25,8,6.5,5,5,3,5.5,76,41,133,20,4,7,3.5,7,5,14,55.5,15.5,52.5,59
679,8,9,9.5,8,5,20,2.5,4.5,5,8,5.5,90,17,241,28,8,7.5,5,11.5,10,2.5,151,11,56,126.5
680,9,5.5,12.5,5,10.5,17.5,5.5,4,4,4.5,5,42,87,139.5,24.5,8,8,2.5,8.5,7,2,120,12.5,34,134.5
681,8,6.5,11,9,8.5,8,6.5,4.5,3,3.5,6.5,88.5,25.5,143,9,4.5,10,4,7.5,10.5,2.5,165,20.5,110.5,51.5
682,7.5,6.5,10.5,7.5,8,23.5,6,4.5,5,3.5,6,75,41.5,48,16,7,8.5,3.5,6,8.5,11.5,208.5,20.5,64,34.5
683,9.5,10,6.5,6.5,10,18.5,2.5,5.5,2.5,2.5,6,27,45,184,25.5,6,7,5,15,6,9,188,21.5,88.5,60
684,6,14,13.5,9,21,22,3,3,2.5,2,7,25.5,19.5,149.5,15,5,10,3.5,11,8,12,68,12,57.5,39
685,9.5,14,11.5,8.5,20,7,4,6,2.5,7,7,62.5,60,74.5,23.5,4,8.5,4.5,11.5,14.5,10.5,177,22.5,65.5,138
686,5.5,8.5,9.5,10,14.5,10.5,2,7,2.5,2.5,7.5,50,79.5,77.5,16.5,7.5,12,2.5,13,14.5,8,232,23,59.5,115
687,8,9.5,8,9,10.5,17.5,3,6.5,6,4,4.5,77,82.5,74.5,14.5,8,10,3,14,15,10.5,74.5,17,58,29
688,6,13,10,7.5,20.5,17,5.5,2.5,5,6.5,7.5,62,74,219,27,7,6.5,3,8.5,7.5,14.5,45.5,19,45.5,86.5
689,9,11.5,13,8.5,14.5,10,7,5.5,2.5,4,4.5,69.5,95.5,139,27.5,7.5,9,2,11,10,6.5,152,23.5,29.5,52
690,6,10.5,5.5,7.5,7.5,21.5,6.5,7,6,6.5,7,96,69,202.5,15,5.5,10.5,4,12,5,10.5,153,14.5,71,55
691,8,14.5,11.5,6.5,15.5,17.5,4.5,3.5,3,5,6.5,52,75.5,203.5,9.5,6.5,8.5,3.5,11,13,4.5,49,11.5,146,82
692,6,11.5,7.5,6,10.5,19.5,5,7,4.5,7,8,34.5,97,93.5,6,6,10,2,11.5,5,7.5,102.5,22.5,39.5,69.5
693,6,11.5,14.5,7,14,22.5,3,5.5,4.5,7.5,7.5,16.5,60,58.5,10,4.5,12,4,12.5,6,1.5,207,22.5,56.5,52
694,8.5,6,9,6,5.5,11,4,2,3,2.5,5.5,67,70,210,22.5,5.5,10,4,10.5,7,12.5,146,14.5,69.5,94
695,9.5,13.5,15,7.5,8,8,2.5,5.5,5.5,3,4.5,37,58,35,25.5,7.5,7.5,4,14,9.5,2,211,11.5,117.5,67.5
696,9,10,8.5,5,6.5,15.5,4.5,6.5,5,5,7,66.5,79,240,8.5,5.5,6.5,3.5,10,8.5,14,50,21.5,101.5,26
697,7,13,8.5,7,16.5,12.5,2,6.5,5.5,8,7.5,76.5,74.5,105.5,18.5,4.5,8.5,4.5,15,11,14,96,13.5,80,106.5
698,7.5,14.5,10,7.5,11.5,13,6.5,2,4,7.5,6,16.5,68.5,33.5,21,7,11,3,12.5,8.5,11,147,14.5,72,132
699,8,9.5,8,5.5,15.5,9.5,5,5.5,3,5.5,7,48.5,52.5,218.5,18,6,9.5,4.5,11,12,5.5,234.5,20.5,92,125.5
700,9,9,15,9,17.5,11.5,2.5,3,5.5,2,4,90.5,86.5,59,15.5,4,9,4,13,8,4.5,215.5,16.5,134.5,133.5
701,8,5.5,5,6,10,20.5,5,5.5,4.5,3.5,6.5,89,40,203,22.5,7,9.5,4,6,12.5,14,230.5,24.5,68,117
702,6,10,7,6.5,15,10,2.5,5.5,3,4.5,4,45,54,87.5,6,5,11.5,3,9.5,7.5,6.5,120.5,17.5,124,119
703,6.5,13.5,11,8.5,13,18,2.5,3,5.5,7.5,8,52.5,24.5,229.5,8,7,10,2,12,7,3,104.5,16.5,46,95
704,8.5,6.5,5.5,6,7,6,3.5,5,5.5,2.5,7.5,19.5,73,201,16.5,5.5,7.5,3,9,8.5,3,109,24.5,60,133.5
705,9.5,10,5.5,7,11,18,3.5,4.5,3.5,7.5,5,76,82.5,166.5,14.5,4,9.5,3.5,8,11.5,5.5,106,22.5,28,146.5
706,8.5,14.5,5.5,7,17,5.5,6,2.5,3.5,6,5.5,78,88.5,39,13.5,5,7,2,7,14.5,12,33,15.5,36,71.5
707,7.5,7.5,5.5,7,13,6,3.5,5.5,5,3,5,44,38,205.5,26,8,12,4,8.5,9.5,10.5,122.5,20.5,39.5,132.5
708,10,8.5,10.5,9.5,8.5,5,4.5,6,3.5,8,4,98.5,84.5,149.5,12.5,6,10,4,6.5,10,14,114,10.5,90,146.5
709,8,14.5,13.5,9,18,23.5,5.5,3.5,3.5,4.5,6.5,87.5,16,241,16,6.5,9,3.5,11,8,10.5,57,18.5,62.5,68
710,5.5,13.5,5.5,8,11.5,24,5.5,5.5,2.5,3.5,7,66.5,92.5,176,26.5,5.5,8,4.5,11,6,0.5,92.5,12,110,65.5
711,9,8,14,6.5,21,24,5,5,3,5,7.5,21,63.5,174,21,5.5,6,2.5,14,5.5,1,149,18,124,133
712,7.5,9.5,15,9.5,13.5,21,6,2.5,4.5,2.5,6.5,48,83.5,179,25,5,7.5,2.5,6,14,12,83,22,112,127.5
713,7,5.5,8,9,10.5,21.5,4,6.5,5.5,6,4.5,99.5,30,171,21.5,4,10.5,3,12.5,6,11.5,217,11.5,27,130.5
714,7.5,14.5,9.5,9,9,12,6,4.5,5,5,7,49,67,188.5,29.5,7,7,2.5,6,11.5,3.5,93.5,12,69,47
715,9.5,7,11.5,6.5,15,15.5,3,6.5,3,8,6.5,72,15.5,229.5,26,7,9.5,3,9.5,14.5,7.5,246,24.5,49,110.5
716,8.5,13,13.5,7.5,24.5,22.5,5.5,6.5,4,3,5.5,23,92.5,163,17,5,9.5,3.5,6.5,8,11.5,170,10.5,129.5,49.5
717,5.5,10,13.5,7.5,16.5,24.5,4.5,5.5,2,5,6.5,68,51,124,7.5,6,6,4.5,7,5.5,13,186.5,11,98.5,122
718,5.5,14,11.5,8,10,24,2.5,5,4.5,3.5,7,92.5,25.5,54.5,11.5,7,8.5,2.5,10.5,14,11,136,10.5,38,116
719,9.5,10,10,9,11,8,3,5.5,5.5,3.5,7.5,92,26.5,50,5.5,7.5,7.5,3.5,8,5,12.5,206.5,20.5,126.5,59
720,9.5,13.5,6,8,8,18,3.5,6.5,2,6.5,7,59.5,83.5,218,22.5,5.5,6,3.5,14.5,6,14.5,26.5,13.5,129,71
721,6,15,6,7.5,10.5,12.5,7,4.5,4,3.5,4.5,60.5,89,229.5,23.5,6,8.5,3,8.5,9,14.5,189.5,21,33.5,25.5
722,5,12.5,6,6,6.5,7.5,3.5,2.5,4,7,6.5,24,19.5,178,15,5,6.5,3.5,10.5,10,14,220,23,86.5,139
723,6,12.5,10.5,9,22.5,14.5,5,4.5,5.5,6.5,5.5,79.5,50.5,72,22,7.5,9.5,2.5,5.5,10.5,1.5,50.5,22,136.5,139
724,8,5,9,10,21,5,4.5,6.5,3.5,4,7.5,36.5,73.5,80,28.5,7.5,9,3,8,14,5,176.5,17.5,124.5,124
725,8.5,6,11,6,20.5,11,5.5,4.5,5.5,6.5,5,42.5,95.5,78.5,9.5,5,10.5,3.5,8,12,11.5,200,18,134,59
726,8,9,7,7.5,23,23.5,5,5,3,5,7,37.5,82,131.5,20.5,4.5,7,3.5,10.5,7.5,9.5,28,18.5,114,79
727,8.5,10.5,12,7,22.5,8,6,6.5,3,3.5,6,52.5,80,157,23.5,8,11,2.5,10,7,13,179,23,70.5,88.5
728,8.5,10,13.5,8.5,23.5,8.5,6.5,3.5,2.5,5.5,4.5,55,73.5,63.5,6,4,9.5,2.5,12,7.5,4,199,16.5,61,107.5
729,7,14.5,11,8.5,11,24,2.5,5,4.5,4.5,5.5,76,49,146,23,5.5,8,2,9,12,13,73,17.5,125,56
730,5.5,13.5,12.5,9,18.5,22.5,5,3.5,5,3.5,7,22,54.5,39,24,6,10,4,5.5,7.5,12.5,218,18.5,109.5,84
731,7.5,6,5,5,21,12.5,3,3,3.5,2.5,7.5,63,94.5,244.5,6.5,4,11,4,8,6.5,12,94,14,79.5,113.5
732,8.5,6,12,8,24.5,11,3,2.5,2.5,4,7.5,43,47,71.5,6.5,6.5,8.5,4.5,8,10.5,5,83,11,39,59
733,5,6.5,13.5,7,16.5,23,3,3.5,2.5,4.5,7,62.5,35,120,14.5,4,10,2.5,12,12,9.5,62,11,62,82
734,8.5,8,10,9.5,19.5,24,6,2,3,2.5,7,76.5,46.5,190.5,14,6.5,7,3,12.5,6,3,65,13,70.5,31.5
735,8,6,12.5,8,10.5,23.5,7,5,3.5,3.5,5,98,46.5,70.5,14,4.5,8.5,4.5,12.5,13,9.5,77.5,24,35.5,85
736,8,10,14,5.5,13,22.5,2,2.5,2.5,6,8,56,100,65.5,19.5,4.5,11,2.5,6,6,3.5,91,21,75.5,125.5
737,7.5,9,13.5,8.5,22,21,6,6.5,3,4.5,8,46,78,235.5,11,4,9.5,3,5.5,13,8.5,166.5,10.5,51.5,93.5
738,9,8,6.5,8,18.5,10.5,6,5,5.5,4,4,31,94.5,141,7,7,9.5,5,9.5,12.5,6,101,24.5,27.5,64.5
739,5.5,5,11.5,9.5,23,24.5,3,4,2.5,2,8,78,17,67,28,6.5,8.5,3.5,7.5,10.5,5,84,14,135,60
740,9.5,14,9.5,9,17,22.5,2,6.5,5,3.5,8,58.5,27.5,75.5,18.5,5,10.5,4.5,5,11,3.5,169,10,119,95
741,10,11.5,10.5,9.5,10.5,22.5,5,6.5,6,4.5,5.5,18,15.5,99.5,17,4.5,11.5,3.5,7,15,3,200,23,119.5,131.5
742,10,10.5,13,5,15.5,24.5,7,2,3.5,8,5,24,58,110.5,16,6.5,10,4,13,5.5,2,170.5,13.5,52.5,67.5
743,7.5,14,11,9.5,25,19.5,3.5,6.5,4.5,4,4.5,54,92.5,43,23,5,6.5,3.5,6.5,13.5,4,220.5,20.5,91,55
744,6.5,8.5,10.5,7,11.5,19,6,3,4.5,6,5.5,75,87.5,125.5,14,4.5,10.5,4,13,10.5,11,217,21,37,47.5
745,6.5,12.5,11,7.5,18,7,5,6.5,5,4,4,42.5,44,182.5,12,5,7,3,6,14.5,13,100.5,24,54,49.5
746,7.5,8,11,6,15,21,7,5.5,2.5,7,5.5,55,20,44,16.5,4.5,8,4.5,7,7,9,146.5,20.5,82.5,27
747,6,13,14.5,8,7,8,7,4.5,3,6,4.5,33.5,93.5,180.5,10,7,6,3,9,6,2.5,248,14,120,112
748,6,9.5,10,9.5,9.5,5,4,6,4,3,7.5,17,19,79,23,6.5,10,4.5,10,12.5,7,152.5,22.5,129.5,54.5
749,9.5,8,14,8.5,15.5,19.5,4.5,6,2.5,3.5,5.5,90.5,99,194.5,23.5,8,11,3,14,15,0.5,173.5,14.5,134.5,41
750,5.5,14.5,11.5,10,18.5,18,4,4.5,2,6.5,6,39.5,67,247.5,5,4,12,2.5,8,10,13.5,201.5,19.5,146,138
751,6.5,6.5,10,9.5,11.5,5,6.5,4.5,4.5,5,7,98,51,152,26.5,8,8.5,2.5,7.5,9.5,14,238,15,123,85.5
752,6,6,9.5,8.5,11,16,3.5,5.5,4,6,4.5,78,57,148.5,16,5,10,3,5,14,8,122.5,19.5,40.5,27
753,7,12,7.5,8.5,7.5,23.5,3,3.5,3,6,4.5,35,38,133,25.5,8,8.5,5,9.5,13.5,11,135.5,17,72,57
754,6,12,11.5,10,13,21.5,4.5,2,5.5,7,5,18.5,63,128.5,25.5,7.5,8.5,3.5,14,8,10.5,102,16,103,73.5
755,8.5,8.5,6.5,8,9,24.5,6,4,5.5,3.5,5,47,64.5,79.5,9,7.5,7.5,5,5.5,9.5,7,130.5,12,58.5,55
756,8.5,10.5,8.5,9,5.5,24,6.5,6.5,4.5,3,7.5,67.5,65,101,19,5.5,8,3.5,12.5,9.5,2.5,194.5,22,135,70
757,6,14,12.5,7.5,19,13,6,3,3,4.5,7.5,75,32.5,185.5,5,5,6.5,3,14.5,8,14,230,25,148,85.5
758,5.5,11,10,6.5,19.5,13,2.5,4,5.5,5,6,18.5,17.5,66,25.5,7,10.5,4.5,8,13.5,11,194,12.5,93,139.5
759,7.5,7,6.5,8,6,10.5,7,5.5,4,6,6,77,76,224,26.5,5.5,9.5,3.5,8.5,5.5,5,195.5,10.5,139.5,28
760,10,13.5,10.5,9,13,22,6.5,6.5,3,7.5,8,71,57,127.5,13,4.5,9.5,3.5,10.5,6,7.5,210.5,19.5,62,34.5
761,7.5,9,11,5.5,15.5,13,6.5,6,5,4,4.5,94,96.5,97,24,6,9.5,4.5,6,8,11,159,15,96,79
762,9,13.5,8,7,19.5,6,2,6,3,3.5,7,33,98.5,218.5,18.5,6,8,4,9,14.5,15,241,18.5,27,41.5
763,6.5,13.5,14.5,7.5,8,22.5,7,2.5,5.5,8,5,100,84,163,29,6.5,11.5,3.5,10.5,6.5,5,195,15.5,56.5,38
764,5,8,8.5,6,7.5,15,2.5,7,3.5,7.5,6,28,62.5,192,14,4.5,7.5,4.5,6.5,11.5,0.5,47.5,13.5,87.5,70.5
765,7.5,6.5,9.5,8,21,12.5,3.5,5.5,4,6,7.5,63.5,23.5,238,25,7,10.5,5,7,7,3,235.5,24,39,46
766,8.5,11,8.5,6,20.5,10.5,3.5,5.5,5.5,4,8,32.5,89.5,245,22,6,10.5,2,12.5,10,2.5,42,21,114,72
767,7,13.5,7.5,5.5,15,9,4,6.5,4.5,5.5,5,87,33,60,26.5,6.5,11,4.5,9.5,10,14.5,241,23,85.5,31
768,7.5,5.5,10,5.5,5.5,22.5,2,5.5,5,7,4.5,46,38.5,115,28.5,8,8,4,13,14,9.5,215.5,23,49,117.5
769,9,5.5,5.5,8.5,11.5,6,4,2.5,2.5,4,8,86,99.5,127.5,9.5,4.5,11.5,4.5,6,6.5,3,47,22,68,132.5
770,6,14,9,6.5,16,17.5,2,4.5,4,7.5,5.5,78,83,188,25,8,8,3.5,12,13,7.5,142,10.5,72,59.5
771,7,8.5,15,6.5,12,23.5,5,3.5,2,3,7.5,37,77,68,12.5,6,8,4,13,8,3,150,14.5,129,120.5
772,6.5,14.5,7,8.5,19,19.5,6,4.5,3.5,6,5,51.5,56.5,202.5,15.5,8,8.5,2.5,6.5,14.5,12,214,20,59.5,25.5
773,8.5,15,10,10,7,13.5,6,2,2.5,7,7,20.5,33.5,38,7,6,9,4,7.5,11.5,2.5,87.5,10,68.5,47
774,5,11,14,9.5,7,14.5,4.5,5.5,5,6,5,39,48.5,196.5,27,5.5,10,4.5,14,9.5,12.5,171,15,126.5,97.5
775,8.5,14.5,10,7.5,15,15,3.5,5,5,3,7.5,21,76.5,173.5,10.5,7.5,11.5,4.5,5,7,7.5,95,20.5,57,87.5
776,5,5.5,7,9,11.5,14,3.5,6.5,2,6,4.5,85,83.5,74,26,5,11.5,4.5,11,8.5,5.5,113.5,22,124.5,84.5
777,6,5,12,6,11,7,2,6,3,3.5,6.5,72,35,207,11.5,5.5,7,4.5,10.5,13,9,60.5,22.5,32.5,27.5
778,5,9.5,5,7.5,23.5,8,4.5,7,4.5,7.5,6,23.5,43,157.5,17,6.5,12,3,14,13.5,2.5,81.5,23.5,140,66.5
779,9,13,13.5,6,15,22.5,5,4,3.5,7.5,4.5,27,17.5,214.5,27.5,5,6.5,4,8,9,9,28.5,15.5,64,109
780,9.5,15,5.5,6.5,8.5,6.5,2.5,4.5,3,6.5,4.5,32,30.5,73.5,18.5,5.5,11.5,3.5,6,7.5,11.5,149,18,127,96.5
781,8.5,14.5,5.5,7.5,9.5,18,5,6,4,2,7,83.5,31,106.5,17.5,5.5,11,5,8.5,11,13.5,187.5,24.5,69,82
782,7.5,14.5,5,8,21,22.5,4.5,2,5.5,3,6.5,85,17.5,173,23.5,5.5,11,3,13.5,7.5,8.5,30,19.5,105.5,56
783,5,14,6,6.5,19.5,17,6,5.5,5.5,5,6.5,79,17.5,75.5,30,5,9.5,5,5.5,14.5,5.5,41,20,40.5,111
784,10,13.5,14,5.5,23.5,8,5,5,3,3,7,93.5,41.5,30.5,28,5,9,2.5,14.5,12,5,96,15,145,89
785,6.5,14,13.5,6,20,20.5,4,4,3,6,5.5,37.5,85,242.5,8,6.5,10.5,3.5,12.5,7.5,2.5,188.5,23.5,109.5,74
786,9.5,10.5,11.5,6,13,20.5,6.5,5,5.5,4,5,88.5,48,78.5,18.5,7,11,2.5,6,7,3.5,68.5,18.5,139,107
787,5.5,6,11,9,10.5,22,6.5,5,3.5,5,5,81.5,57.5,208.5,11,5.5,10,3,15,5,7,204.5,23.5,84.5,64.5
788,8.5,11.5,6,9,6.5,8,6,5.5,2.5,4,4.5,53.5,39,52.5,21,6.5,7.5,4,7.5,13,2,206.5,11.5,45,49
789,7,6,6,5.5,16,21,4,5.5,3,2.5,8,21.5,18,182.5,26.5,6,8.5,3,10,13.5,6.5,114,21.5,137.5,26
790,9.5,10,12,7,23.5,17,5.5,6,4,4,7.5,99.5,93.5,42.5,7,5,10,3,15,13,6.5,240,23,60.5,69.5
791,5.5,7.5,5.5,5,15,20.5,6.5,2.5,4.5,5.5,5,80,80,157.5,21.5,8,10.5,3.5,11.5,9,9,48.5,22,67,56
792,8,11.5,12,9.5,18.5,15,3.5,5.5,4,5.5,4,60.5,83.5,72.5,28,5,9,4,6,10.5,12,195,14,32,70.5
793,10,10.5,6.5,7,23.5,18,3.5,4,5.5,6.5,4.5,38.5,84,223,26.5,7.5,7,3.5,10.5,9,4,66.5,23.5,140,29.5
794,9.5,6,14,8,21.5,8.5,3,3,3,6.5,4.5,86,77.5,245.5,22,5,10,2.5,9.5,8.5,13.5,240.5,22.5,143,86
795,9.5,5.5,12,9,6,11.5,6.5,6.5,2.5,4,7.5,55.5,16,203,7.5,4.5,7,4,15,9,6,248.5,17.5,87.5,126.5
796,5.5,9,12.5,6.5,24,23,6.5,4,2,7,6.5,91.5,80.5,42,21,7.5,12,4.5,11.5,8,1,113,24,84,40.5
797,5,10.5,10,10,24,21.5,4,6,3,2.5,8,96,71.5,226.5,12.5,5,9,3,7,10,2,245.5,10.5,111,115.5
798,6.5,6.5,7.5,6.5,9.5,8,6,4,4,6.5,8,26,92.5,205.5,20.5,4.5,9.5,3.5,15,5.5,12.5,105.5,15,77.5,37.5
799,8,5,9.5,6,16,7.5,3,6,4.5,7.5,6,18.5,68,239.5,6.5,7.5,6.5,5,7,13,14,182.5,25,76,70
800,7.5,12.5,7,5,22.5,16,6.5,2,4,7.5,5,96.5,50.5,196,22.5,6,7,3,9.5,9,12.5,205.5,24,56,112.5
801,6,12.5,15,7.5,20.5,16.5,5,4.5,5,3,7.5,69,22,131,18,7,9.5,4,8,14,2.5,236,11,141,84.5
802,8,7.5,12.5,7,20,10,3.5,5.5,4,6,5,86,63.5,29.5,13,4.5,11,4.5,8.5,9,4.5,107.5,10,33,113.5
803,9.5,12.5,13,8.5,13,11,5,5,3,2.5,5.5,34.5,77,77,24.5,6.5,10.5,2.5,15,9.5,4.5,29.5,18.5,134,73
804,5.5,11.5,5,10,24.5,13.5,2,5,2,6.5,5.5,63,75,31,23.5,7,9,4.5,10,8.5,3.5,243,20.5,108.5,112
805,5.5,7,10,8.5,20.5,7.5,6,3.5,3,2.5,6.5,69,78.5,74,25.5,6.5,9,4,14,14.5,4.5,223,20.5,74.5,71
806,5,8,10,5.5,22,10.5,5,5.5,5,3,8,20.5,66.5,54.5,29.5,5,8.5,3,14.5,14,3.5,48.5,20,85.5,145
807,8.5,12,8,5.5,16,15,6.5,2,3,5.5,5.5,49,24.5,247,24.5,6.5,8,3,9,14,5,173,17,75,83
808,7,8.5,12.5,7.5,7,6,5,6,3.5,5,8,15.5,67,161,27,4.5,6.5,4,14,13.5,3.5,169.5,21,92.5,51.5
809,5.5,10,8.5,6.5,5,15,4,5,2.5,8,7,84.5,80.5,248.5,15.5,7,11,4.5,12.5,10.5,11,59.5,19,89.5,140
810,6,11.5,10,6.5,9,6,2.5,4.5,5,7.5,4.5,92,97.5,62.5,16,7.5,7,4,11.5,12.5,12,234,12,140.5,101
811,9,11.5,13.5,8,13,19,4.5,2.5,5.5,6.5,7.5,42.5,72.5,48.5,27.5,7.5,8.5,4,7.5,8.5,8.5,219.5,20.5,53,140
812,9.5,13.5,10,9.5,17.5,14.5,4.5,3.5,4.5,5,5.5,46.5,40,56.5,13,6,11,4,10,12,5,138.5,10.5,116.5,141
813,9,10.5,11.5,7.5,6.5,21,6,2,4,7.5,6,80,73.5,176,13.5,7.5,7.5,4.5,8.5,11.5,6,185.5,16,88,69
814,7.5,8.5,6,7.5,8,6,3.5,3,2.5,6,4.5,59,32.5,145,19.5,5,8,3,7.5,10,0,206.5,18.5,39,59.5
815,5.5,8,12,7.5,8.5,10.5,5.5,4.5,6,7.5,7.5,76.5,64.5,116,13.5,6,10.5,5,14.5,5,0.5,31,11,34,82
816,9,8,9,9.5,11.5,18.5,2,6.5,4,7.5,7,60.5,25,172,19.5,7,8,2,10.5,10.5,4.5,133.5,12.5,138,145.5
817,7.5,9,10.5,6,21,9,6,4,4,2.5,5,75,53.5,67,24,4.5,11,5,6.5,9.5,12,244,21.5,74,148.5
818,10,6.5,11,6,16,16.5,5,7,5.5,7,7.5,43.5,91.5,182.5,7.5,4,12,2.5,12,9,4,237.5,16,34,89
819,8,12,6,6,7.5,22.5,2.5,3,3.5,4,5.5,40,98.5,175.5,24,7.5,10,4.5,5.5,5.5,11.5,95,19,115,50
820,10,5.5,7.5,10,21.5,24,6,3,4.5,3,7,61.5,39.5,204,29,5.5,7,2.5,10,11.5,5.5,187,13.5,42,129
821,9.5,9,12,9.5,7,21,3,6,4,4,4.5,96.5,93,179.5,20,5,10.5,3.5,14.5,8,7,154.5,13,143.5,55
822,7.5,6.5,12.5,5.5,12.5,5,4.5,5.5,4,3,4.5,16,94,63,14,4.5,11.5,3,10.5,13.5,11.5,185.5,13,73.5,94.5
823,9,12.5,7.5,7.5,15,9,2.5,6,5,7.5,7.5,79,31,227.5,15,6,8,4.5,9.5,14,11,178.5,23,148,73.5
824,7.5,10.5,14.5,8.5,5.5,17,4,2,3.5,7.5,7.5,85,84.5,238.5,19.5,8,11.5,4,6.5,15,8,46.5,22,110,119.5
825,9,6,9.5,6,23,25,6,6,5,4.5,7.5,93.5,34.5,45,22.5,7.5,8.5,2.5,12,6.5,6.5,29.5,21.5,145,133.5
826,6,8.5,10.5,6,20.5,11,5.5,3,2.5,6,7.5,96.5,69.5,189,6,7,9,4.5,8,13,1.5,78,10,87.5,118.5
827,8,7.5,6,5.5,6.5,19.5,6,2.5,5.5,7.5,5.5,41.5,82.5,135.5,26,7,11.5,2,14.5,7,6,163,21.5,138,137
828,5.5,13.5,13,9,14.5,20,6,2,2.5,4,7,63.5,16,245,11.5,6,6.5,4,12,11,0.5,204,20,120,115
829,6.5,12.5,5.5,8,14,13,5,3.5,2,6,6,38,83.5,83.5,6,5,11.5,4,8,13.5,8,167,23,134,58.5
830,10,7.5,12.5,9,11,23.5,2.5,3,3,3,6.5,31,23,190,23.5,6.5,6.5,4,15,9,4.5,140,13.5,41.5,49.5
831,8.5,7,8.5,7,23,23,7,3.5,6,2.5,7.5,87,95.5,235,13,6.5,9,4,6,12,7,157,10,121,78
832,6.5,13,14,5.5,24.5,24,5,5,4,6.5,6.5,86,97.5,89.5,7.5,5.5,10,2.5,10.5,5.5,3,189.5,14,101,145.5
833,10,6.5,14,5.5,20,12,4.5,2,4,6.5,6,33.5,29.5,112,14.5,6,7.5,3.5,10.5,14,8.5,191,21.5,135.5,64
834,8.5,7.5,9,7.5,21.5,8,5.5,2,5.5,3.5,4,85,88,126,7,5,9.5,4,7,13,2,237.5,19,49.5,29.5
835,8,7.5,11,6.5,5.5,10,7,2.5,3.5,7.5,6,68.5,49.5,124.5,21.5,7.5,11.5,2.5,12.5,13.5,8.5,173.5,21,131.5,82
836,9.5,11.5,6,6.5,24.5,11.5,6,7,2,3.5,6.5,59.5,51,83.5,13.5,4.5,9.5,4,11,7,6.5,65,11,102,93
837,8.5,7,15,7.5,20.5,16,5.5,4,5.5,3,6,94,83,96,26.5,4.5,10,2,9.5,6.5,14.5,133.5,20.5,71.5,117
838,5.5,9.5,7,5.5,24,6.5,6,3,4.5,7.5,7.5,90,44.5,69,13,5,9,3,12.5,15,3,194.5,12,122.5,117
839,8.5,14,5,6,11,18.5,3.5,3,3,7,5,93.5,56,35.5,12,7,10.5,3.5,13,10,12,163,17.5,120,126.5
840,5,7.5,12,7,15,23,5,3.5,5.5,8,6,22,67,91,28.5,5,8.5,4,10.5,13.5,4.5,165,22,110,43.5
841,10,14,13.5,5.5,10,5.5,6,5,5,6.5,5.5,33.5,57.5,114.5,14,7.5,6.5,4,9.5,8.5,11.5,174,18,29,87
842,7.5,8,8,7,24,23.5,4,3,5,6,8,87.5,47.5,141.5,10,4,8.5,4.5,5.5,10,9.5,220.5,20,119,149
843,9.5,12,6,9.5,24.5,12,2.5,3.5,4,4,7,36,20,227.5,24.5,7.5,10.5,3.5,12.5,11.5,0.5,171.5,13.5,136.5,71
844,9,9,6.5,6,24,7.5,5,3.5,4,7.5,5,36,74,89,27,6,9.5,3,9,5.5,8,69.5,13.5,76.5,27
845,6.5,8,12,7,9.5,20,6,6.5,2.5,3,4,17.5,73.5,139,16.5,6.5,10,3.5,6.5,6.5,2,42.5,10,145.5,94
846,7.5,10.5,7,8.5,11.5,16.5,5,2.5,3.5,5,7.5,39,61.5,161.5,14.5,6.5,6.5,4.5,8,11.5,6.5,199,15.5,68,95.5
847,8,11.5,7.5,8.5,16.5,18.5,3,4.5,2.5,2,7,96,45.5,165.5,17.5,7.5,10.5,2,6,14,4.5,214,22,43,108
848,5.5,12.5,5,8.5,14,5,3,6,5,8,5.5,75,96,228,25,4,11,4.5,13,5.5,15,218.5,15.5,133,33
849,8.5,13.5,9.5,9,10,10.5,4,6.5,5.5,2.5,6,95,27.5,117,29,7.5,9,4,14.5,11.5,3.5,206.5,19.5,95.5,36.5
850,9,8,13,8,15.5,18,5.5,3,5.5,6,5.5,76.5,29,58,22.5,6.5,8.5,2.5,13.5,14.5,0,155.5,25,57,58.5
851,9.5,11,6.5,8,17.5,22,4.5,5.5,4.5,6,5.5,78.5,31.5,106,9,6,8,2.5,13,7.5,6,232,18.5,145,133
852,5,7.5,13.5,6,18,12.5,3,2.5,2.5,2,4,80,49,39,22.5,8,8,4.5,15,11.5,14,60,19,61,38
853,7.5,12,7.5,6,6,23.5,5.5,6,4.5,7,5,65.5,60.5,186.5,11,5.5,7,3,10.5,8.5,13,173,20,72,115.5
854,6,11.5,6.5,7.5,15,7,6,6,5,4.5,5.5,55.5,41.5,223,21.5,4,9,3.5,9,11.5,11,121,23,52,67.5
855,9.5,8.5,7,5.5,16,5.5,6,4.5,3.5,2.5,7.5,38,90,55.5,5.5,5.5,9.5,3.5,9.5,6.5,7,219.5,10,85,80.5
856,9.5,8,12.5,6.5,20.5,10,6.5,6,4.5,8,5.5,16.5,100,187,10.5,6,10.5,4.5,6,8,14,28,25,87.5,83.5
857,8.5,10.5,6,7,8.5,21.5,5,6.5,4,2.5,6,21.5,69.5,166,17.5,6.5,6,2.5,5,11,2,75,19,78.5,59
858,9.5,11,14.5,7.5,19.5,16.5,6.5,4.5,4,5.5,5.5,63.5,98,220.5,10.5,5.5,12,2,13.5,8,6,240.5,12,53.5,27
859,10,10,13.5,5.5,21,15.5,7,2.5,4,2,7,19.5,92,139,29.5,8,11,3,5.5,8,1.5,169.5,13.5,42,123
860,5,10,5,6,8.5,10.5,4.5,4.5,6,6.5,6,96.5,61,140,26.5,6.5,11.5,2.5,6,14.5,0.5,138.5,11.5,59,72
861,5.5,12,8,6.5,12.5,14,3,4.5,5,7,8,22.5,56.5,64,20,5,8.5,2,11,7,1.5,94.5,11,101.5,98.5
862,10,5.5,8,10,16.5,6,4.5,6,2.5,5.5,5.5,74,25.5,219,25,4,6,3,13,14,7.5,239,15.5,62,109
863,5.5,12,5,10,10,22.5,2,5.5,2.5,6,6.5,90,81,243,14,5.5,10,3,9,6,5,158,19.5,117.5,65
864,10,5.5,7.5,5,22,19.5,3,3.5,4,7,4.5,49,79.5,166,8,7.5,10.5,3.5,9,13,10,123.5,14,144.5,58.5
865,9.5,11.5,5.5,7,6,20.5,2.5,6.5,6,6.5,6,93.5,80.5,51,29,4.5,11,5,6.5,8,11.5,144,12,102.5,136.5
866,8.5,11.5,6.5,6,15.5,21,2.5,5,3,3,6,64.5,90,90,18,7.5,10.5,2.5,12.5,10,4.5,138,16.5,124,112
867,9,5,11,7.5,20,15,4,5.5,4.5,3,5,87.5,22,79.5,18,7,11.5,3,7.5,7.5,7.5,242.5,10,74.5,124
868,9.5,14,15,9.5,8.5,24,5,7,2.5,2.5,6.5,27,35.5,191.5,10.5,5.5,6.5,5,9,13.5,15,177.5,10.5,87,26
869,9.5,9,8.5,7.5,11,17.5,6.5,6,5.5,2,6.5,22,82,229.5,15.5,8,8,2,12.5,7,6,164.5,10.5,34,92
870,10,5.5,8,7,17.5,16,2,4,6,6.5,4,33,82,207,29.5,7.5,8,4.5,6,13.5,4,129,19.5,51,51
871,8,14,9.5,8.5,15,14,3.5,3.5,6,2.5,4.5,54,69.5,120.5,18,6.5,6.5,3,10,6,7,36.5,17.5,63,120.5
872,7,5,14.5,7,14.5,21.5,6,5.5,5,7,4.5,33.5,56.5,62,30,8,10.5,4.5,6.5,7.5,5,34.5,13,76,123.5
873,9,6.5,6,7.5,22,22.5,5.5,6,2,7.5,7,36.5,81,71.5,11.5,6.5,8.5,4.5,15,9.5,11,43,14.5,72,40
874,5,9.5,8.5,9.5,6,20.5,7,5,4.5,2,7.5,99.5,80.5,60.5,25,7,7.5,3.5,10.5,13.5,2.5,208.5,12.5,107.5,149.5
875,6,5.5,8,7,24.5,18,4.5,3,5.5,5.5,5,41.5,41,202.5,26,4.5,8.5,2.5,7,5.5,4,29,20,64.5,94.5
876,5.5,8.5,7.5,6.5,5.5,20.5,6.5,6,3,5.5,8,82.5,92,199,15,8,11.5,2,5,9.5,5.5,69,10.5,42.5,29.5
877,9,14,14.5,9,8.5,13.5,4,2,2,3.5,4.5,52,53.5,161.5,14,7.5,9,3.5,8.5,7,11.5,212.5,17,120,81
878,7,11.5,10,8.5,24.5,7,6,5,5,2.5,4,86,32,249.5,7,5.5,10,4.5,6,11,4.5,249,22,29,25.5
879,5.5,12.5,10,6,7.5,5.5,3,4.5,3.5,7,5.5,62.5,90.5,164,13.5,5.5,6.5,4,7,9.5,1.5,161,11.5,38.5,88.5
880,5.5,14,11.5,9,14,22,2,4,6,4.5,6.5,85.5,87.5,175,26.5,5,8.5,4,12.5,8.5,4.5,211,16.5,36.5,39
881,6.5,6,10,5.5,9.5,21.5,2.5,5,6,2.5,5.5,35.5,65.5,188,20.5,6,8.5,3,12.5,5.5,6.5,149.5,14,54.5,63.5
882,8,6,11,9.5,9,17,3.5,2,4.5,7,6,42,80.5,151.5,5.5,5,6,5,5.5,15,1,72.5,15,142.5,77.5
883,7.5,13,7.5,10,9,10.5,4,4,5.5,3,5,73,84,246,13.5,5,8.5,3,5.5,9.5,3,159,21,95.5,92
884,9.5,14.5,8.5,9.5,16,16.5,3.5,5.5,3,3,6,81,97.5,197.5,7.5,6,12,3,13,5.5,1.5,241,21,71.5,60.5
885,7,9,11.5,6.5,22,20,5,4.5,2.5,5.5,6.5,69,43,234,18.5,6,10,3,9.5,8.5,7,235,19.5,148.5,127.5
886,7.5,10,9,9.5,14.5,8,4,6.5,5,5,4.5,49.5,74,105,22,7.5,6.5,3,11,7.5,14.5,98.5,25,81.5,149
887,8.5,10.5,10,6.5,14.5,10,5,6,2,5,5,20.5,88,160,25.5,4.5,11.5,2,5.5,8.5,4,50.5,23,46,135
888,9,11.5,9.5,8,22.5,20.5,3.5,7,5.5,7,7.5,49.5,79,181,18.5,5.5,6,3,12,8.5,7.5,159,21.5,43.5,94
889,8.5,5.5,14,8.5,15.5,18.5,2.5,4.5,3,6,6.5,66.5,36.5,175.5,21.5,7,10,4,12,12,6.5,29.5,11,127,131
890,8.5,12.5,7.5,7,19.5,10.5,5,4,2,4.5,5,73,71,111.5,7,5,6,3.5,6,14,14,186.5,17.5,57,95.5
891,5,8.5,8.5,6,20,11,3.5,3.5,4,7.5,4,56,34,93,17.5,7.5,8.5,2.5,10.5,12.5,9.5,94,14.5,124.5,77.5
892,6.5,7.5,12,9,13,11,5.5,4,2,2.5,7.5,77,16.5,157.5,17,6,7,3,8,9,1.5,122.5,21.5,78.5,149.5
893,9,11.5,10.5,7.5,17,18.5,6,4.5,5.5,6.5,6.5,91,94.5,94,17,6.5,9.5,3.5,14.5,5.5,5.5,78,22.5,104.5,130
894,6,12.5,13.5,9.5,9.5,21,5.5,4,5.5,6.5,6,42.5,44.5,164.5,27.5,6.5,9,4,11.5,7,13,159,19.5,115.5,65
895,8,5,11,6,6,10.5,6,4,2,5,6,28.5,53.5,27,9,7,10.5,3,6,6.5,5,66,15,121,68
896,9,10.5,9.5,5,11.5,6,6,3,5,7.5,6,76.5,92.5,195,7,5,7,4.5,7.5,13.5,8,69,13,144,65.5
897,9,5.5,14,6.5,8,15,3.5,2.5,4,6,6.5,75.5,60,177.5,25,7,8.5,3,10.5,7.5,3.5,236.5,15.5,29,44.5
898,6.5,8,10.5,7.5,17,7,7,2,3.5,7,4.5,81.5,56,49.5,29.5,4,10,5,11,13,5,198.5,21,150,88
899,7.5,6,14.5,6.5,13.5,18,4.5,4,5,7,4,99,75.5,146.5,15,7,7,4.5,9,6,12,208.5,12.5,132.5,108
900,5,12,7,7,10,10,6,3.5,6,6.5,6.5,92.5,71,206,23,4,11,5,9.5,5.5,8.5,175,17,138.5,86.5
901,8.5,8.5,8.5,9.5,7.5,13,2.5,5,2,6,7.5,36.5,96.5,197.5,19,7,8,3,7.5,8.5,1.5,38,15,99.5,63.5
902,7.5,15,11.5,9.5,7.5,22.5,6,2.5,3,3,4.5,43.5,16.5,49,9.5,7,11,2.5,10.5,6.5,8,138.5,12.5,144.5,126.5
903,9.5,8,13,9,6,13.5,3.5,4.5,2.5,5.5,4,19.5,54,239.5,19.5,4.5,7.5,3,6,9.5,14,152.5,24.5,79.5,137
904,7,12.5,13.5,10,24,6.5,5,2,2.5,3.5,5,37.5,47.5,94,29.5,5,7.5,3.5,8.5,5.5,9,140,21.5,122,49
905,5.5,13,8,9.5,12,23,3,3,2.5,2,5,62,79.5,56.5,21.5,7.5,11.5,4,5.5,14,4,104,23.5,146,94.5
906,7,14.5,12,9,14.5,15,3,6,2,4,5,18.5,78,238,11,6.5,8.5,2.5,8,7,14.5,30,11,81.5,80.5
907,9,14.5,8.5,7,15,9.5,4,2.5,5.5,2.5,6.5,49.5,37.5,168.5,14.5,7.5,9,5,5.5,8.5,4,209,13,39,146
908,5.5,12,13,7,25,21.5,3,6,4,6,7,50.5,94.5,36.5,15,7.5,7,2,8,15,7.5,52.5,13.5,149,81.5
909,6,12,5,10,16,12.5,5,3.5,5,8,5.5,40.5,37,197,5.5,4,6,3,13.5,13,12.5,176.5,11.5,39,60
910,6.5,8,8.5,9.5,12.5,14.5,6.5,5,4.5,2.5,4,77.5,72,194,28.5,4,7.5,3,5.5,6,15,71,10.5,74,52.5
911,10,8,8,6,11.5,22,3.5,6,5.5,6,5,31.5,49.5,68.5,14,5.5,6.5,2,8,8,2,131.5,24,65,126.5
912,8.5,15,13.5,10,19.5,21.5,5.5,4.5,4.5,3.5,6,60.5,32.5,242,8.5,4.5,7,2.5,8,7,6,194.5,18,132.5,62.5
913,5,14.5,11.5,6.5,5.5,12,6.5,4.5,5,4.5,4.5,75.5,55.5,53,18,5,9.5,4.5,13,10.5,8,217.5,16,39.5,64.5
914,7,8,8,5,17.5,21.5,5,6.5,5,7.5,6,45,51,26,23,7,11.5,4,11,7,10.5,129.5,21,47,115
915,10,12.5,8,6,10.5,22,4.5,4,5.5,2,7.5,72,92,166,22,7.5,8.5,3,12,12,13.5,44,14.5,57,46.5
916,6,8,14.5,7,15.5,7.5,2.5,5,3,7,7.5,49.5,23,73,5,4,6,2.5,5.5,6,6.5,208.5,19.5,135,100
917,7.5,13,10,7.5,17.5,15.5,5.5,5,5,3.5,6.5,47,86.5,212.5,14.5,7,10.5,4.5,14.5,8,12,51,13.5,35,138
918,8,7,13,9,7,17.5,6.5,3.5,5.5,5.5,5,85.5,50.5,220,20.5,5.5,7.5,2,15,14.5,11,220,23.5,138.5,29.5
919,8,12.5,5.5,9,5.5,6,5,6.5,2.5,4,4.5,53,97,84,18.5,7.5,9.5,3,6,12,13.5,75.5,21.5,100,133
920,7.5,8.5,5.5,7.5,22,18,3,4,2.5,7.5,7,97,46.5,105.5,14.5,6.5,11,3.5,9,8.5,1.5,177,22,73.5,90
921,8,10.5,7.5,7.5,14,12,3,4.5,4,5,6,26.5,79,53,23,4.5,11.5,5,12.5,9,10,130,20.5,115,99
922,5.5,6.5,11,8,14,8.5,7,6,4.5,7,4,69,40,165.5,25.5,7,11.5,4.5,5.5,7.5,10,107.5,19,96.5,107.5
923,5.5,8,13.5,7.5,23,10.5,5,5.5,4,7.5,7.5,85.5,93.5,67,7,5,9.5,2,11.5,6,7.5,164.5,24.5,26,94
924,8.5,15,15,9.5,14,10.5,3.5,5,4.5,5,5,41,79.5,222.5,13,7.5,7,3.5,11,11.5,12,231.5,18.5,98,34.5
925,6,13,8,6,24.5,22,5.5,3.5,3.5,6,4.5,15,52.5,123.5,23.5,4.5,7,5,13,13.5,2.5,169.5,14,78,87.5
926,9.5,7.5,5,8.5,10,12.5,3,4.5,2.5,7.5,7,56,91.5,191.5,28.5,5.5,12,4,12,14.5,4.5,100.5,19,71,50.5
927,8.5,14.5,14,5,22.5,7,7,6.5,2.5,5.5,7,95,95.5,218.5,18.5,8,9,4,5.5,13,9,155,11,90,54.5
928,6.5,6,8,8.5,20,11,5,5.5,3,3,7,42.5,29,151,29.5,7,7,4,6.5,12,12,69,20.5,47.5,33.5
929,5,8.5,5,9.5,20,6,2,4,2.5,3,6,73,77.5,112.5,16,5.5,11.5,3.5,6.5,6.5,9,178.5,20,140.5,41.5
930,7.5,10,11.5,7.5,24,18.5,6.5,2.5,5,2.5,6.5,59,55,201,7,8,10,4,8,10,7,211.5,14,73.5,44
931,7,6.5,12.5,7,8.5,19.5,6.5,5.5,5,6,7.5,27,22.5,62,22,5.5,11.5,4,12.5,10,12.5,115,10.5,98,146.5
932,8,5.5,7,7,7.5,6.5,3,4,3,7.5,6.5,44.5,83,46.5,24.5,6.5,9,3,13.5,8,12.5,176.5,13,146,69
933,7.5,6.5,15,6.5,12.5,5.5,6,6.5,2.5,7.5,7.5,92.5,92.5,145,29.5,7.5,7.5,2,12.5,10,12,132,15,128,149
934,5.5,11.5,6,6,7,8.5,2,7,2,6.5,5.5,38.5,55,179.5,24.5,6,11.5,2,6.5,6.5,7,29,21.5,33.5,66
935,5.5,6.5,14,7,13,23,4,2,4,7.5,6.5,94,82.5,109,9,7,6,3,9.5,9,2.5,56,14.5,107,31
936,9,13,9,6,22,19,2,5,2,5.5,7,33,31,210,25.5,5.5,10.5,5,6.5,9.5,7.5,173,20,124,109
937,5,14,13,6.5,12,22,6.5,4.5,2,7.5,5.5,38.5,30.5,193.5,17.5,5.5,9,3,14,13.5,2.5,106.5,22,84.5,138.5
938,5,13,15,5.5,24,16.5,2.5,3,3.5,3,4.5,72.5,67,59,15.5,4.5,10.5,3.5,8.5,11.5,8.5,149,21.5,141,66
939,5,6,7,8.5,19,23,2.5,7,2.5,4,7,78.5,46,68,12.5,5.5,6,3.5,9,13,11,61.5,15.5,129.5,145
940,9.5,6.5,9.5,7.5,6,8.5,5.5,6.5,4.5,6.5,5.5,85,77.5,198.5,19,4,6.5,2.5,9.5,14,1,170.5,10,132.5,133.5
941,6,14.5,11,8,10,13.5,3,4.5,3,3,4.5,93,91.5,241.5,23,6,7,3.5,10,9,1.5,167.5,21,31,118.5
942,7,11.5,12,6,5,9,3,5,2,2.5,6.5,18.5,35.5,212.5,19,6,10,5,7.5,11.5,5,86,24.5,108,138
943,7.5,7,14.5,5.5,21,17,5,4.5,2.5,6,6.5,48.5,43,33.5,6.5,5,7,3.5,11,14.5,10,206,13.5,58.5,79.5
944,9.5,7,5.5,7,13,21,3.5,2,3.5,6.5,7.5,65.5,98.5,139.5,13.5,4,9.5,3,9,13.5,7.5,250,18,144.5,55
945,9.5,13.5,13,5.5,9.5,18.5,2,4,5,8,6,53,41.5,34,27.5,4.5,11,2.5,13.5,12,4,162.5,22,63,74
946,8,9.5,13,5,11,23.5,6,2.5,5.5,6,6,88,22,128.5,23,8,6,3,14,11.5,4,107,22,42,75
947,7,12.5,11,5.5,5,20.5,3.5,3.5,3.5,8,4.5,49,16,227.5,16,6,7,2.5,14.5,6.5,11,143,22.5,106.5,56
948,8,8.5,11,9.5,6.5,22.5,5.5,6.5,2.5,4.5,7,20,50.5,168.5,30,6.5,11,2.5,14.5,14,1,117,10.5,102.5,78
949,9.5,13.5,12.5,6.5,21,24,4,5,6,5.5,5.5,19.5,80,223.5,11,6.5,8.5,2.5,11,14.5,5.5,108.5,23.5,44,128.5
950,9.5,13.5,9.5,8,12.5,10,5,6.5,3.5,7,5.5,38.5,73,131.5,8,6.5,11,5,5.5,14.5,8.5,48,13,32.5,116
951,8,8.5,7,8.5,16.5,23.5,7,3.5,4.5,2.5,7,93.5,92.5,133,9.5,4,7,3.5,10,7,13,212.5,10.5,53.5,28.5
952,5.5,12.5,8,6,25,9.5,2.5,2.5,4,4,6.5,82.5,24.5,222.5,14,5,10.5,2.5,14.5,6.5,14,65,24.5,84,92.5
953,7,6,10,8,21,18.5,2,2,3,5,7,61.5,19.5,73,18.5,7.5,9.5,4,14.5,10.5,11.5,219,17.5,81,93.5
954,8,12.5,12,9,17.5,13.5,6,4.5,4,7.5,6.5,89.5,52,186.5,23,4,10,3.5,13.5,7,11.5,200,13,122.5,104
955,5.5,12,8.5,9,6,12,2.5,6.5,3.5,3,6.5,44.5,22.5,171.5,19,7,6.5,2,10.5,10.5,1.5,143,22,59.5,31
956,7,10,14.5,5.5,22.5,9,4.5,2.5,5.5,6,5,75,56,179.5,15.5,7.5,11.5,3,11,7.5,3,232.5,22,72.5,146.5
957,7,7.5,6.5,6,19.5,22.5,3,2.5,3,2,5,30.5,46.5,71.5,11,8,7,4,12.5,7.5,5,146,19.5,42.5,112.5
958,6,12,12.5,5.5,8.5,19.5,4,6.5,2.5,7.5,6,70.5,57,165,10.5,7.5,11.5,3,6.5,10.5,11,231,11.5,104.5,132
959,6,14,11,6.5,5.5,18.5,2.5,4.5,5,3.5,5.5,68.5,84.5,241,7,5.5,10,3,5,6.5,0.5,143,13.5,39.5,52
960,5,9.5,12,7,17.5,14,2.5,3,3.5,4,4.5,32,54,225,5.5,7.5,11.5,3,6.5,13.5,0.5,232,11.5,73,138.5
961,7.5,8,15,7,24.5,19,6.5,2,4.5,7.5,6.5,61.5,79,117,12,4,9.5,4.5,6.5,12.5,11.5,170,11,70.5,56
962,8.5,12,9.5,7,10,6,6,2.5,6,7,5,22,55,34,24.5,6,9,4.5,9.5,9,10.5,238,24,148,105
963,6.5,12.5,9,9,7,6.5,6,5.5,3.5,3.5,7,81.5,94,231.5,28,5,11.5,3,9,14,13.5,64,15,116,70
964,6,14.5,10.5,9.5,23.5,19,3.5,4,2.5,6,6.5,46.5,48,47,21.5,6,7.5,3.5,12.5,12.5,9.5,219,21,52.5,25
965,7.5,12,8.5,10,21,22.5,6,3.5,2.5,4.5,5.5,46,63.5,141.5,8.5,5,8,5,11,13,2.5,162.5,17.5,106.5,144.5
966,8.5,8,8,8.5,14,9,6.5,3.5,4.5,6,4,84,23,149,23,7,11.5,3.5,6.5,5.5,6,182.5,13,81.5,121
967,9,5.5,8,5.5,22.5,17.5,4.5,3,2.5,5.5,4.5,57,97,100,25,7.5,8,4,9,11.5,5,80,23.5,139,38.5
968,7,6.5,12,9.5,21.5,11.5,3,2,6,2.5,4.5,50.5,31,119,27,7.5,10,4.5,9,10,2,175,21,134.5,45
969,5.5,5.5,8,5.5,12.5,11.5,3,3.5,6,3,7.5,36.5,39,50,10,8,9.5,2.5,10.5,7,1.5,208.5,24,45.5,35
970,6.5,12.5,14,7.5,7,16.5,2,4.5,3.5,5,5,15.5,36.5,183,18.5,5,6.5,2,13.5,13,3.5,204,24.5,59.5,39
971,5.5,10,5.5,8.5,18,21,2.5,5,2,5,6,61.5,71.5,90,14,5.5,11.5,2.5,12.5,12.5,9.5,78.5,19,136.5,126
972,6,7,6.5,7,8.5,20,7,3.5,5,3.5,6,77.5,16.5,214,27,6,7.5,2.5,6,14,10,49,10.5,95,101
973,7.5,12.5,13.5,7.5,6.5,13.5,5.5,5,4.5,5,7,32,75,194.5,26,4.5,9,3.5,14,13.5,13.5,52.5,19.5,121.5,111.5
974,9.5,6,11,6,7,21.5,2,4.5,2,4.5,4,27,60.5,161,25.5,6,12,3,10.5,12.5,6,109,20.5,43.5,79.5
975,7,10,5,5.5,6,5.5,2.5,2,2.5,5.5,6.5,99.5,29,90,25.5,4.5,8.5,4.5,8,9.5,6.5,176,17,79.5,101.5
976,5.5,9,9,10,16,8,4,6,5.5,3,5,59.5,24,220,7,7.5,10,4.5,11.5,5.5,12,202,20,70.5,126.5
977,7,5.5,9,5.5,17,11,4.5,3.5,3,7.5,4,31,61,200,10.5,7.5,8.5,2.5,7,14,13.5,145.5,24.5,103.5,145.5
978,7,7.5,5.5,6,13.5,8,3,5,3,4,6,81,50.5,52,21.5,5,11.5,4.5,9,11,5,50.5,20,69.5,37
979,8,6.5,14.5,8.5,11,16.5,4,3,4.5,3.5,4.5,23,55.5,108.5,28,8,6.5,4,10,12.5,2.5,185.5,17.5,46.5,73
980,10,10.5,12,7.5,10,11.5,4,4.5,5,7.5,6.5,63.5,81,245,15,5.5,9.5,2,7.5,8,14,202,21.5,119.5,149
981,9.5,10.5,11.5,6,5.5,9,5,3,5.5,5,8,73.5,36,188,25.5,4,8.5,3.5,15,10,3,139.5,12,30.5,60.5
982,7.5,14.5,13.5,6.5,14.5,10,6.5,3,2,4.5,4,55.5,92,242,18,4.5,7,4,11.5,7.5,12,192.5,12.5,63.5,55
983,6.5,12,6,8,20,13,3.5,4.5,2,4.5,6,82.5,80.5,118.5,19.5,6.5,9,2.5,12,5.5,14.5,120.5,24.5,120,135
984,8,8.5,13.5,6,11.5,20.5,6.5,4,2.5,3,5,34.5,51,99,28.5,7,9.5,5,5,13,7.5,192.5,10.5,68,121
985,10,7,14.5,7.5,19.5,6,4,7,4.5,2.5,5,66.5,80.5,122,19,7.5,9,4.5,13.5,14.5,10,248.5,14,48,56
986,8,6.5,8,10,25,10,5,6.5,2,5.5,6.5,86.5,19.5,118,10.5,5,10.5,3.5,8,7.5,3,104,24,147.5,54.5
987,5,14,5,7,15.5,17.5,4,6.5,2.5,2.5,7,76,65.5,230.5,10,7,6.5,2.5,13.5,6.5,0,198.5,20,50,136
988,6,9.5,7,9,20,16.5,6,5.5,3.5,3,5.5,53,45.5,202.5,22,5,9.5,3.5,5.5,9,4.5,173,20,97.5,66
989,6.5,5.5,8.5,7,21,17,4,4.5,4.5,4.5,7,50.5,98.5,40,5.5,5.5,11.5,4,10,11.5,0,221.5,12.5,119.5,128.5
990,8.5,8,9.5,10,11,14,3.5,7,5,5.5,7,95.5,75,173,17.5,5.5,10.5,5,12.5,11.5,13,54,22,99.5,51
991,6.5,10.5,10,6,17,19.5,4,3,5,2.5,6.5,86,74,138,9,5.5,11,4.5,15,11.5,5,202,11.5,93.5,129.5
992,10,6,15,8.5,21,10.5,6,4.5,6,2.5,5,24.5,87.5,80.5,21,6.5,8,3,6.5,12,3,158.5,11,51,116
993,8,12,14,8,23,11,2,2.5,2.5,5,6.5,15,53,123,19.5,7.5,11,5,11,15,12.5,46.5,16.5,105.5,100
994,8.5,10,12,9.5,15,9,6,5,4,4.5,5,84,92,121.5,10.5,7,8.5,2.5,11.5,9.5,8.5,63,24.5,35,106
995,6.5,8.5,10,8.5,17.5,16.5,3,2.5,2,4,7.5,32.5,72,162,12,6.5,9.5,3,12,13,7,121.5,21.5,92,81.5
996,9.5,14.5,12,8.5,6,14.5,4,6.5,2.5,5.5,7,74,62,145,24.5,6,11.5,2,11.5,14,10.5,86,21,72,59
997,6.5,12.5,10,6.5,13,19.5,4,4.5,2,2.5,7,89.5,63.5,145.5,30,6,6,4.5,11.5,10.5,11.5,111.5,20,69,73.5
998,8.5,8,5,9.5,8.5,16,6.5,4,5.5,8,7,73,24,248,27.5,5,6,3.5,12.5,6,11.5,237.5,17,93.5,111.5
999,6.5,14,12.5,6,15.5,8.5,4.5,5.5,2.5,5.5,7.5,55,21.5,190,6,7,11.5,3.5,6.5,13.5,14.5,231.5,15.5,92.5,45.5
,,,,,,,,,,,,,,,,,,,,,,,,,
,,,,,,,,,,,,,,,,,,,,,,,,,
,,,,,,,,,,,,,,,,,,,,,,,,,
,,,,,Dimension,Attribute,,,,,,,,,,,,,,,,,,,
,,,,,,,,,,,,,,,,,,,,,,,,,
,,,,,,T_image,,,,,,,,,,,,,,,,,,,
,,,,,,T_video,,,,,,,,,,,,,,,,,,,
,,,,,,T_read,,,,,,,,,,,,,,,,,,,
,,,,,Input Visual/Verbal,T_audio,,,,,,,,,,,,,,,,,,,
,,,,,,N_excercise_after_read,,,,,,,,,,,,,,,,,,,
,,,,,,N_excercise_after_graphic,,,,,,,,,,,,,,,,,,,
,,,,,,T_hierarchies,,,,,,,,,,,,,,,,,,,
,,,,,,T_powerpoint,,,,,,,,,,,,,,,,,,,
,,,,,,,,,,,,,,,,,,,,,,,,,
,,,,,,,,,,,,,,,,,,,,,,,,,
,,,,,,T_abstract,,,,,,,,,,,,,,,,,,,
,,,,,Perception Sensing/Intuitive,T_concrete,,,,,,,,,,,,,,,,,,,
,,,,,,T_result,,,,,,,,,,,,,,,,,,,
,,,,,,N_standard_questions_correct,,,,,,,,,,,,,,,,,,,
,,,,,,N_creative_questions_correct,,,,,,,,,,,,,,,,,,,
,,,,,,,,,,,,,,,,,,,,,,,,,
,,,,,,,,,,,,,,,,,,,,,,,,,
,,,,,,N_msgs_posted,,,,,,,,,,,,,,,,,,,
,,,,,Processing Active/Reflective,N_excercises_visited,,,,,,,,,,,,,,,,,,,
,,,,,,T_reading_in_forum,,,,,,,,,,,,,,,,,,,
,,,,,,T_solve_excercise,,,,,,,,,,,,,,,,,,,
,,,,,,N_groupdiscussions,,,,,,,,,,,,,,,,,,,
,,,,,,T_outlines,,,,,,,,,,,,,,,,,,,
,,,,,,,,,,,,,,,,,,,,,,,,,
,,,,,,,,,,,,,,,,,,,,,,,,,
,,,,,,Skipped_los,,,,,,,,,,,,,,,,,,,
,,,,,Understanding Sequential/Global,N_next_button_used,,,,,,,,,,,,,,,,,,,
,,,,,,T_spent_in_session,,,,,,,,,,,,,,,,,,,
,,,,,,N_questions_on_details,,,,,,,,,,,,,,,,,,,
,,,,,,N_questions_on_outlines,,,,,,,,,,,,,,,,,,,
,,,,,,,,,,,,,,,,,,,,,,,,,
